Property Type,Yearly Occupancy,nightly rate,Monthly Rental Income,Listing_ID
" 'House',","34,","321,","3317,","10000216',"
"Apartment',","43,","81,","1077,","10387018',"
"House',","49,","168,","2503,","1048614',"
"Apartment',","56,","93,","1573,","10730815',"
"Loft',","78,","312,","7410,","11014976',"
"Condominium',","39,","206,","2438,","11242057',"
"Condominium',","100,","80,","2400,","11248387',"
"Condominium',","100,","74,","2220,","11349892',"
"Guesthouse',","43,","95,","1235,","1141553',"
"Apartment',","88,","50,","1346,","11430718',"
"House',","81,","400,","9867,","11435677',"
"Condominium',","54,","109,","1780,","11667184',"
"Loft',","0,","175,","0,","11749815',"
"Guest suite',","91,","55,","1522,","11759864',"
"Condominium',","37,","523,","5840,","11903646',"
"House',","89,","55,","1485,","11961565',"
"House',","73,","301,","6697,","12113797',"
"House',","3,","2385,","2385,","12131884',"
"Apartment',","77,","102,","2391,","12172328',"
"House',","34,","125,","1273,","12173297',"
"Condominium',","37,","231,","2592,","1227776',"
"House',","52,","193,","3056,","12467356',"
"Apartment',","26,","165,","1293,","12696774',"
"Apartment',","10,","131,","393,","12778213',"
"Apartment',","50,","174,","2680,","12796055',"
"Loft',","29,","97,","873,","12943734',"
"Condominium',","69,","104,","2193,","13019641',"
"Condominium',","73,","102,","2270,","13019647',"
"Apartment',","77,","62,","1457,","1308786',"
"House',","42,","159,","2035,","13092240',"
"Apartment',","52,","205,","3280,","13096783',"
"Villa',","50,","1936,","29685,","13154644',"
"Cottage',","91,","48,","1324,","13182639',"
"Apartment',","53,","85,","1374,","13215982',"
"House',","95,","139,","4031,","13360667',"
"Apartment',","82,","38,","944,","13430884',"
"Apartment',","100,","72,","2160,","1361327',"
"Guest suite',","57,","54,","932,","13674283',"
"House',","84,","477,","12243,","13689866',"
"Townhouse',","21,","114,","741,","13714800',"
"Condominium',","52,","118,","1878,","13854056',"
"Condominium',","64,","107,","2078,","13855761',"
"Apartment',","16,","132,","638,","14013271',"
"House',","47,","298,","4247,","14168422',"
"Guest suite',","78,","50,","1188,","14268019',"
"Apartment',","12,","136,","476,","14320635',"
"Apartment',","82,","124,","3110,","14358107',"
"Townhouse',","0,","44,","0,","14453118',"
"Guesthouse',","39,","78,","936,","14503672',"
"Apartment',","47,","276,","3956,","1455305',"
"Guest suite',","19,","62,","367,","14710144',"
"Loft',","76,","97,","2247,","14740095',"
"House',","99,","84,","2528,","14885066',"
"Townhouse',","55,","693,","11666,","14926410',"
"Apartment',","71,","188,","4052,","14931605',"
"Apartment',","17,","302,","1601,","15079694',"
"Tiny house',","61,","78,","1437,","15193454',"
"Apartment',","49,","159,","2345,","15338261',"
"Guesthouse',","100,","79,","2403,","15449139',"
"House',","47,","170,","2451,","15480145',"
"House',","82,","154,","3822,","15745013',"
"Apartment',","32,","87,","861,","15766813',"
"Condominium',","98,","78,","2301,","15773623',"
"House',","7,","2348,","5087,","15787131',"
"House',","80,","324,","7884,","15835685',"
"Apartment',","32,","120,","1167,","15939617',"
"Loft',","82,","172,","4300,","15953173',"
"Apartment',","71,","91,","1961,","15988618',"
"House',","36,","148,","1616,","15999588',"
"Apartment',","65,","541,","10685,","16008795',"
"House',","45,","239,","3306,","16014315',"
"House',","73,","234,","5187,","16014747',"
"House',","62,","201,","3769,","16025727',"
"Apartment',","49,","281,","4243,","16080778',"
"Apartment',","35,","400,","4200,","16099757',"
"Condominium',","34,","357,","3659,","16119354',"
"House',","66,","213,","4260,","16130393',"
"House',","67,","160,","3253,","16134478',"
"Guesthouse',","37,","53,","592,","16179788',"
"Condominium',","39,","280,","3329,","16189360',"
"Apartment',","73,","542,","11969,","16190659',"
"Apartment',","51,","393,","6059,","16215398',"
"Villa',","69,","2248,","47208,","16283419',"
"Guesthouse',","66,","73,","1472,","16294178',"
"Apartment',","95,","65,","1869,","16393966',"
"Bungalow',","76,","206,","4790,","16441160',"
"Apartment',","47,","94,","1340,","16450186',"
"Apartment',","37,","56,","627,","164771',"
"House',","73,","317,","7000,","1670790',"
"House',","49,","202,","3030,","16737347',"
"Apartment',","36,","105,","1136,","16780289',"
"Condominium',","51,","202,","3148,","16928368',"
"House',","89,","99,","2673,","16945250',"
"Apartment',","51,","250,","3813,","17021649',"
"Condominium',","54,","77,","1276,","17030749',"
"Apartment',","37,","362,","4103,","1705877',"
"House',","64,","350,","6796,","17073926',"
"Townhouse',","31,","267,","2470,","17318906',"
"Guesthouse',","68,","55,","1141,","17340781',"
"Condominium',","47,","125,","1750,","17385581',"
"House',","85,","359,","9334,","17442621',"
"Townhouse',","67,","542,","11111,","17497959',"
"Apartment',","61,","64,","1152,","17620347',"
"Guesthouse',","66,","60,","1205,","17692610',"
"Guest suite',","90,","36,","987,","17719034',"
"Guest suite',","75,","150,","3450,","17733775',"
"Apartment',","35,","63,","664,","17777085',"
"Loft',","50,","107,","1614,","18078201',"
"Apartment',","36,","95,","1021,","18142285',"
"House',","79,","104,","2506,","18197666',"
"Apartment',","16,","834,","4101,","18204665',"
"Condominium',","70,","122,","2521,","1820908',"
"Townhouse',","69,","223,","4663,","18228046',"
"Condominium',","44,","120,","1632,","18261868',"
"Apartment',","68,","180,","3740,","18327754',"
"Guest suite',","67,","35,","709,","18508330',"
"Apartment',","92,","65,","1809,","18707417',"
"Tiny house',","50,","76,","1163,","1871315',"
"Apartment',","35,","403,","4232,","18748151',"
"Apartment',","33,","45,","454,","18755761',"
"Apartment',","85,","194,","5028,","18763655',"
"Apartment',","75,","89,","2003,","1884748',"
"House',","53,","1690,","27463,","18873587',"
"Apartment',","81,","184,","4554,","18879446',"
"House',","53,","569,","9246,","18915238',"
"Condominium',","80,","107,","2532,","18995736',"
"Cottage',","99,","193,","5829,","19224596',"
"Apartment',","68,","308,","6340,","19347180',"
"Condominium',","61,","309,","5768,","19364401',"
"Condominium',","82,","115,","2865,","19511919',"
"House',","68,","291,","5990,","19594127',"
"Apartment',","22,","90,","603,","19679371',"
"Apartment',","67,","222,","4551,","19702685',"
"Apartment',","66,","157,","3166,","19734236',"
"House',","55,","250,","4146,","19779328',"
"Villa',","50,","933,","14073,","19790613',"
"Apartment',","53,","45,","724,","19931519',"
"Apartment',","61,","61,","1123,","20161978',"
"House',","46,","248,","3472,","20186806',"
"Apartment',","45,","378,","5120,","2041053',"
"House',","88,","229,","6011,","20494549',"
"Guesthouse',","16,","50,","242,","20574660',"
"House',","68,","647,","13479,","20689353',"
"Apartment',","53,","50,","815,","20698163',"
"Townhouse',","27,","114,","955,","20980962',"
"Townhouse',","92,","60,","1675,","21057611',"
"Apartment',","50,","147,","2254,","21147816',"
"Guest suite',","81,","41,","1015,","21163242',"
"Condominium',","93,","158,","4424,","21172899',"
"Condominium',","59,","118,","2124,","21215426',"
"Apartment',","7,","120,","240,","21281444',"
"Apartment',","41,","104,","1286,","212906',"
"Apartment',","59,","97,","1765,","21379572',"
"House',","57,","191,","3343,","21394825',"
"House',","79,","77,","1848,","21410330',"
"Apartment',","30,","437,","4006,","21437183',"
"Apartment',","47,","587,","8463,","21437198',"
"House',","22,","228,","1550,","21461625',"
"Apartment',","44,","429,","5756,","21529342',"
"Bungalow',","25,","230,","1783,","21530003',"
"Guest suite',","51,","35,","545,","21537218',"
"House',","43,","826,","10738,","21566652',"
"Apartment',","40,","80,","960,","21574765',"
"Apartment',","68,","53,","1100,","21794090',"
"Serviced apartment',","46,","219,","3084,","21797126',"
"House',","60,","139,","2537,","21815361',"
"Guesthouse',","68,","60,","1240,","21836321',"
"Apartment',","58,","91,","1620,","21868053',"
"House',","68,","230,","4773,","21882381',"
"Apartment',","3,","200,","200,","21894309',"
"Guesthouse',","69,","44,","920,","21906999',"
"House',","83,","477,","12005,","21937509',"
"House',","75,","149,","3442,","21950252',"
"Guesthouse',","13,","77,","308,","21998975',"
"Condominium',","97,","156,","4524,","22117375',"
"House',","65,","334,","6680,","22117665',"
"Townhouse',","76,","251,","5836,","22161982',"
"Apartment',","37,","289,","3258,","2221287',"
"House',","30,","113,","1042,","22310176',"
"Apartment',","23,","120,","828,","22465315',"
"House',","52,","230,","3603,","22552027',"
"Condominium',","41,","136,","1700,","22635337',"
"Apartment',","100,","135,","4005,","22679524',"
"Cottage',","72,","188,","4105,","2274498',"
"House',","98,","80,","2340,","2276156',"
"Guest suite',","70,","42,","896,","22998952',"
"Townhouse',","57,","118,","2045,","23056247',"
"Apartment',","19,","81,","464,","23056981',"
"Townhouse',","45,","71,","964,","23102617',"
"Condominium',","99,","77,","2310,","23221603',"
"Guest suite',","60,","51,","935,","23222199',"
"Apartment',","100,","95,","2850,","23254590',"
"Apartment',","91,","71,","1974,","23306736',"
"Condominium',","58,","82,","1421,","23326455',"
"Apartment',","20,","120,","744,","23371270',"
"House',","89,","477,","12959,","23381160',"
"House',","56,","817,","13957,","23389559',"
"House',","37,","924,","10318,","23389983',"
"Apartment',","47,","163,","2347,","23414954',"
"Cottage',","70,","60,","1280,","23505554',"
"Apartment',","25,","92,","686,","23543744',"
"Apartment',","76,","149,","3427,","23651389',"
"Apartment',","26,","109,","863,","23651538',"
"Apartment',","87,","109,","2834,","23651782',"
"Apartment',","53,","118,","1900,","23660029',"
"Townhouse',","73,","89,","1973,","23663239',"
"House',","43,","5830,","76762,","23763884',"
"Apartment',","63,","97,","1851,","23877332',"
"Apartment',","25,","104,","801,","23904817',"
"Townhouse',","20,","303,","1869,","24044157',"
"House',","68,","509,","10477,","24048626',"
"Condominium',","34,","115,","1179,","24076647',"
"Apartment',","31,","157,","1476,","24176346',"
"Apartment',","29,","134,","1193,","24177894',"
"Condominium',","51,","69,","1081,","24251453',"
"Condominium',","55,","65,","1093,","24330084',"
"Villa',","26,","4182,","32759,","24337947',"
"Condominium',","69,","180,","3780,","24397099',"
"Guesthouse',","80,","46,","1130,","24428721',"
"House',","46,","355,","4940,","2456272',"
"House',","21,","510,","3264,","24634109',"
"Serviced apartment',","44,","78,","1047,","24747680',"
"Guest suite',","45,","35,","484,","24781370',"
"Apartment',","71,","136,","2951,","24796405',"
"Guesthouse',","68,","65,","1338,","24806385',"
"Apartment',","41,","73,","917,","24894034',"
"Loft',","96,","95,","2779,","249135',"
"House',","28,","1177,","10103,","25014240',"
"Guesthouse',","74,","93,","2093,","25046390',"
"House',","38,","263,","3025,","25098414',"
"Apartment',","68,","101,","2087,","25107007',"
"Villa',","35,","140,","1502,","25234063',"
"Apartment',","59,","183,","3274,","2524005',"
"House',","50,","883,","13319,","25322601',"
"House',","99,","291,","8788,","25450016',"
"Apartment',","85,","59,","1534,","25483232',"
"Apartment',","25,","125,","975,","25568177',"
"Guesthouse',","77,","60,","1422,","25690411',"
"Apartment',","80,","52,","1262,","25742754',"
"Guest suite',","56,","36,","615,","25783061',"
"House',","15,","2889,","13241,","26034306',"
"Apartment',","35,","63,","672,","26153378',"
"House',","75,","78,","1781,","26275812',"
"Bungalow',","61,","208,","3848,","26307025',"
"Condominium',","0,","266,","0,","26354583',"
"Apartment',","67,","172,","3526,","2642984',"
"Guesthouse',","87,","37,","981,","26742184',"
"House',","52,","291,","4559,","26782691',"
"Condominium',","91,","159,","4399,","26871547',"
"Condominium',","32,","64,","629,","27047',"
"Loft',","41,","118,","1475,","27062204',"
"Apartment',","83,","68,","1723,","27065387',"
"Apartment',","32,","56,","545,","27235232',"
"Apartment',","45,","57,","789,","27338515',"
"Guest suite',","67,","104,","2123,","27392623',"
"Condominium',","72,","163,","3572,","27392866',"
"House',","71,","289,","6242,","27456470',"
"Apartment',","67,","142,","2840,","27467686',"
"Condominium',","41,","207,","2605,","27490798',"
"Condominium',","58,","101,","1781,","27491365',"
"House',","55,","918,","15300,","27578647',"
"House',","54,","750,","12313,","27578886',"
"House',","49,","346,","5132,","27580242',"
"House',","93,","171,","4859,","27584007',"
"Condominium',","40,","410,","4961,","27756678',"
"Apartment',","35,","162,","1750,","27759925',"
"Apartment',","57,","231,","3927,","27831610',"
"Apartment',","54,","241,","3916,","27831613',"
"Apartment',","29,","122,","1088,","27832186',"
"Guest suite',","20,","66,","402,","27854987',"
"House',","100,","85,","2585,","27858160',"
"Condominium',","88,","83,","2213,","2800912',"
"Guesthouse',","72,","62,","1353,","28032955',"
"House',","40,","385,","4684,","28134745',"
"House',","82,","191,","4743,","28245988',"
"House',","57,","350,","6055,","28304282',"
"Apartment',","44,","291,","3929,","28331366',"
"Apartment',","63,","90,","1725,","28390056',"
"Condominium',","76,","170,","3953,","28433245',"
"House',","8,","171,","413,","28462603',"
"Loft',","45,","128,","1766,","28518442',"
"House',","73,","373,","8237,","2852392',"
"Townhouse',","97,","250,","7354,","28561273',"
"Condominium',","89,","95,","2574,","28627321',"
"Apartment',","15,","111,","490,","28712176',"
"Tiny house',","48,","58,","841,","28987801',"
"Apartment',","35,","137,","1480,","29039264',"
"Apartment',","49,","156,","2356,","29074818',"
"Apartment',","64,","51,","1000,","29093842',"
"Condominium',","84,","105,","2678,","29157954',"
"Condominium',","78,","118,","2744,","29157964',"
"Condominium',","71,","95,","2036,","29157965',"
"Guesthouse',","80,","68,","1655,","29239082',"
"Apartment',","41,","189,","2371,","2925920',"
"Apartment',","99,","101,","3030,","29393343',"
"House',","62,","90,","1695,","29395081',"
"Guest suite',","93,","105,","2978,","29423073',"
"House',","84,","313,","8034,","29458935',"
"House',","56,","308,","5262,","29522304',"
"Apartment',","66,","275,","5408,","2955703',"
"House',","100,","229,","6794,","29630910',"
"House',","72,","602,","13144,","29697387',"
"House',","67,","810,","16605,","2970868',"
"House',","52,","932,","14757,","29735951',"
"House',","66,","239,","4820,","29804237',"
"Apartment',","16,","82,","410,","29824330',"
"Condominium',","21,","249,","1598,","29879197',"
"Serviced apartment',","68,","334,","6947,","29926364',"
"Townhouse',","100,","131,","3985,","29945431',"
"Apartment',","100,","60,","1825,","300366',"
"Apartment',","44,","122,","1647,","30081170',"
"Apartment',","39,","157,","1849,","30082556',"
"House',","44,","106,","1405,","30134092',"
"Apartment',","45,","62,","845,","30181804',"
"Apartment',","43,","264,","3476,","30296167',"
"House',","70,","338,","7267,","3031638',"
"Loft',","52,","41,","648,","30386918',"
"Condominium',","46,","78,","1085,","30391918',"
"Cottage',","79,","54,","1296,","30445958',"
"House',","81,","173,","4282,","30467490',"
"Condominium',","77,","81,","1917,","30498914',"
"Apartment',","73,","123,","2727,","30583455',"
"Townhouse',","75,","138,","3128,","30744762',"
"Apartment',","43,","129,","1688,","30796260',"
"House',","45,","407,","5535,","30801513',"
"Apartment',","48,","744,","10850,","30955673',"
"Guest suite',","84,","36,","921,","30956956',"
"Serviced apartment',","66,","310,","6123,","30957728',"
"Serviced apartment',","24,","368,","2729,","30958259',"
"Condominium',","55,","105,","1747,","31023099',"
"House',","26,","279,","2209,","31043753',"
"Apartment',","51,","86,","1333,","31100731',"
"Guest suite',","27,","66,","550,","31161955',"
"Apartment',","61,","168,","3125,","31165054',"
"Apartment',","30,","115,","1047,","31165144',"
"Townhouse',","48,","197,","2857,","31239586',"
"House',","44,","174,","2306,","31290108',"
"Apartment',","56,","80,","1353,","31296314',"
"Loft',","0,","130,","0,","31296454',"
"Apartment',","59,","130,","2327,","31309743',"
"Townhouse',","33,","181,","1810,","31333526',"
"Apartment',","51,","117,","1829,","31333674',"
"Guest suite',","80,","55,","1334,","31361035',"
"House',","0,","148,","0,","31447287',"
"Apartment',","62,","43,","806,","31555760',"
"Serviced apartment',","54,","156,","2590,","31564616',"
"Serviced apartment',","72,","160,","3520,","31567373',"
"House',","56,","308,","5236,","31590274',"
"Serviced apartment',","23,","321,","2274,","31590683',"
"Serviced apartment',","1,","224,","90,","31592454',"
"Apartment',","67,","172,","3526,","31613942',"
"Apartment',","61,","221,","4099,","31615193',"
"Apartment',","10,","89,","267,","31635840',"
"Serviced apartment',","6,","167,","301,","31645402',"
"Villa',","68,","1983,","40982,","31652520',"
"Apartment',","99,","117,","3530,","31661998',"
"Apartment',","73,","80,","1780,","31672962',"
"Guest suite',","0,","105,","0,","31689627',"
"Apartment',","53,","241,","3856,","31720992',"
"House',","55,","222,","3737,","31851593',"
"Condominium',","72,","138,","3036,","31961378',"
"Apartment',","88,","70,","1871,","32138207',"
"House',","20,","762,","4636,","32138614',"
"Apartment',","0,","330,","0,","32179959',"
"Condominium',","35,","255,","2678,","32181051',"
"Condominium',","73,","118,","2616,","32187769',"
"Apartment',","78,","43,","1032,","32232775',"
"Apartment',","86,","82,","2139,","32252991',"
"House',","49,","59,","885,","32297273',"
"Condominium',","36,","261,","2828,","32340987',"
"Loft',","92,","37,","1033,","32403492',"
"Apartment',","45,","112,","1521,","32410097',"
"House',","17,","76,","403,","32474633',"
"House',","48,","152,","2229,","32516535',"
"Apartment',","59,","268,","4779,","32691105',"
"Apartment',","96,","104,","3042,","32697405',"
"Condominium',","100,","88,","2640,","32766960',"
"Condominium',","43,","92,","1204,","32889441',"
"Guesthouse',","30,","70,","644,","32915921',"
"Apartment',","81,","106,","2571,","32982154',"
"Apartment',","100,","282,","8460,","33007315',"
"Apartment',","63,","271,","5149,","33033943',"
"Guest suite',","92,","40,","1117,","33086676',"
"House',","76,","39,","900,","33170768',"
"Condominium',","72,","94,","2005,","33296120',"
"Guest suite',","66,","50,","1008,","33374805',"
"Condominium',","100,","81,","2430,","33455094',"
"Condominium',","66,","80,","1613,","33456198',"
"House',","25,","196,","1529,","33530152',"
"Apartment',","65,","110,","2200,","33562658',"
"Condominium',","34,","78,","806,","33598067',"
"House',","25,","79,","593,","33656782',"
"Cottage',","50,","90,","1377,","33687639',"
"Cottage',","43,","118,","1546,","33709588',"
"House',","76,","597,","13731,","33746550',"
"House',","73,","617,","13780,","33793861',"
"Apartment',","74,","274,","6165,","33805365',"
"Condominium',","73,","67,","1485,","33910874',"
"Apartment',","68,","462,","9625,","33914734',"
"Apartment',","43,","204,","2672,","33933762',"
"Condominium',","38,","85,","956,","33990222',"
"Condominium',","58,","101,","1776,","33991855',"
"House',","19,","500,","2900,","34056039',"
"Loft',","0,","158,","0,","34062570',"
"Loft',","0,","431,","0,","34064734',"
"Tiny house',","64,","47,","905,","34085618',"
"House',","33,","223,","2249,","34094914',"
"House',","63,","65,","1235,","34130393',"
"House',","83,","828,","20838,","34155888',"
"Apartment',","78,","256,","6028,","34312785',"
"Condominium',","70,","101,","2161,","34316869',"
"Guesthouse',","57,","49,","845,","34342895',"
"Condominium',","32,","148,","1459,","34528589',"
"House',","48,","651,","9548,","34532621',"
"Apartment',","0,","74,","0,","34571708',"
"Apartment',","68,","51,","1060,","34576274',"
"House',","37,","920,","10350,","34576473',"
"Apartment',","98,","207,","6107,","34602597',"
"Apartment',","60,","282,","5123,","34781492',"
"Townhouse',","70,","95,","2035,","34784653',"
"House',","70,","323,","6864,","34818667',"
"Guesthouse',","80,","75,","1831,","34863942',"
"Apartment',","37,","139,","1571,","34906221',"
"Townhouse',","50,","100,","1520,","34961474',"
"Apartment',","74,","195,","4371,","35038055',"
"House',","66,","78,","1573,","35095305',"
"Guest suite',","51,","49,","762,","35131306',"
"House',","11,","451,","1466,","35133098',"
"Apartment',","8,","70,","182,","35169688',"
"Guest suite',","76,","39,","897,","35181748',"
"Villa',","66,","562,","11240,","35225517',"
"House',","54,","95,","1552,","35226135',"
"Apartment',","100,","79,","2344,","35233615',"
"Apartment',","62,","76,","1438,","35251664',"
"Bungalow',","90,","332,","9102,","35263755',"
"House',","72,","69,","1507,","35290408',"
"Apartment',","56,","112,","1904,","35301321',"
"Apartment',","55,","137,","2272,","35461511',"
"House',","19,","82,","485,","35494559',"
"House',","47,","274,","3882,","35639386',"
"Guesthouse',","97,","65,","1885,","35711622',"
"Apartment',","100,","250,","7500,","35762474',"
"Guest suite',","55,","40,","667,","35773697',"
"Apartment',","47,","123,","1763,","35840090',"
"Condominium',","2,","106,","53,","35843178',"
"House',","10,","68,","204,","35884066',"
"House',","71,","158,","3410,","35972064',"
"Apartment',","38,","301,","3526,","36037533',"
"House',","95,","173,","5017,","36038654',"
"House',","77,","44,","1024,","36060140',"
"Apartment',","13,","81,","317,","36061324',"
"Condominium',","67,","138,","2829,","36103198',"
"Townhouse',","79,","466,","11145,","36167495',"
"House',","49,","106,","1590,","36233837',"
"Apartment',","32,","74,","722,","36306802',"
"Apartment',","12,","84,","301,","36314336',"
"Apartment',","30,","68,","627,","36315835',"
"Apartment',","30,","102,","941,","36411406',"
"House',","83,","145,","3649,","36420036',"
"House',","70,","363,","7755,","36451907',"
"House',","51,","95,","1465,","36488314',"
"Apartment',","57,","207,","3519,","36550236',"
"Serviced apartment',","0,","255,","0,","3665913',"
"House',","31,","64,","608,","36661413',"
"House',","34,","219,","2281,","36692695',"
"Guesthouse',","64,","63,","1229,","36727663',"
"Villa',","32,","1377,","13541,","36948132',"
"Apartment',","66,","84,","1694,","37013327',"
"Guest suite',","68,","44,","913,","37043972',"
"Guest suite',","47,","41,","591,","37206666',"
"House',","93,","219,","6169,","37295889',"
"House',","76,","83,","1909,","37329343',"
"Apartment',","100,","441,","13230,","37397033',"
"House',","68,","147,","3043,","37397466',"
"House',","56,","346,","5882,","37398377',"
"House',","72,","52,","1144,","37404222',"
"Condominium',","93,","192,","5376,","37498754',"
"Condominium',","77,","98,","2303,","37718856',"
"Apartment',","83,","96,","2416,","37907535',"
"Apartment',","99,","169,","5108,","37913228',"
"House',","67,","108,","2187,","38020437',"
"Villa',","42,","532,","6872,","38020662',"
"Apartment',","44,","68,","918,","38122993',"
"House',","26,","206,","1648,","38156882',"
"Condominium',","34,","400,","4000,","38300825',"
"Apartment',","8,","147,","382,","38404750',"
"Apartment',","58,","280,","4938,","38545604',"
"Apartment',","54,","130,","2080,","38602825',"
"Apartment',","93,","87,","2444,","3861701',"
"House',","87,","66,","1744,","38651680',"
"Apartment',","47,","179,","2506,","38670913',"
"Condominium',","100,","116,","3519,","38671118',"
"Guest suite',","81,","56,","1386,","38750632',"
"Apartment',","83,","145,","3589,","38802464',"
"Apartment',","46,","172,","2351,","39032102',"
"Guest suite',","86,","37,","968,","39054573',"
"Apartment',","73,","206,","4532,","39091451',"
"Apartment',","80,","187,","4592,","3914864',"
"Condominium',","58,","82,","1435,","39196665',"
"Condominium',","27,","267,","2136,","39198604',"
"Apartment',","9,","290,","798,","39228612',"
"Condominium',","50,","201,","3015,","39293205',"
"Condominium',","21,","102,","663,","39319607',"
"Guest suite',","25,","85,","638,","39353599',"
"House',","12,","166,","589,","39354360',"
"Apartment',","83,","157,","3925,","39505177',"
"Apartment',","64,","106,","2072,","39508837',"
"House',","4,","144,","192,","39534692',"
"House',","76,","288,","6648,","39549466',"
"House',","47,","315,","4489,","39558213',"
"Apartment',","23,","160,","1107,","39597080',"
"Condominium',","55,","117,","1950,","39597620',"
"Apartment',","43,","99,","1287,","39600733',"
"Apartment',","32,","861,","8180,","39603055',"
"Condominium',","52,","448,","7168,","39606433',"
"Apartment',","28,","200,","1650,","39609168',"
"House',","21,","299,","1869,","39612999',"
"Condominium',","26,","81,","628,","39663368',"
"House',","81,","65,","1598,","39674250',"
"House',","31,","409,","3851,","39700822',"
"House',","22,","1418,","9690,","39726246',"
"Tiny house',","53,","64,","1030,","39746284',"
"House',","62,","156,","2925,","39775248',"
"Apartment',","66,","109,","2198,","39798081',"
"Guesthouse',","78,","125,","2969,","3979892',"
"House',","41,","502,","6317,","39814518',"
"Apartment',","88,","118,","3127,","39815868',"
"Apartment',","68,","422,","8768,","39843913',"
"Apartment',","46,","181,","2534,","3984702',"
"House',","26,","288,","2333,","39900102',"
"Apartment',","38,","80,","913,","40036740',"
"Apartment',","45,","63,","861,","40041029',"
"Apartment',","62,","79,","1488,","40094814',"
"Condominium',","39,","117,","1394,","40116955',"
"Villa',","75,","708,","16107,","40136054',"
"Apartment',","54,","114,","1862,","40136765',"
"House',","68,","129,","2666,","40137828',"
"Condominium',","86,","149,","3837,","40239672',"
"House',","48,","538,","7846,","40261298',"
"House',","43,","190,","2486,","40264141',"
"Condominium',","43,","122,","1597,","40264792',"
"House',","22,","286,","1954,","40291816',"
"House',","74,","115,","2597,","40309302',"
"House',","26,","122,","976,","40311286',"
"House',","56,","242,","4094,","40381798',"
"House',","59,","237,","4266,","40382167',"
"Condominium',","31,","760,","7093,","40483359',"
"Apartment',","43,","155,","2015,","40489785',"
"Guesthouse',","60,","58,","1059,","40544817',"
"Guest suite',","66,","39,","780,","40619669',"
"Condominium',","74,","183,","4118,","40639179',"
"Townhouse',","61,","90,","1665,","40672896',"
"House',","0,","125,","0,","40709043',"
"Apartment',","81,","120,","2940,","40734552',"
"Guesthouse',","82,","34,","850,","40748956',"
"Apartment',","1,","199,","50,","40802689',"
"Apartment',","69,","129,","2709,","40805424',"
"Townhouse',","64,","270,","5243,","40822305',"
"Condominium',","88,","101,","2719,","40867791',"
"Condominium',","12,","363,","1331,","40950299',"
"Apartment',","23,","81,","567,","40968749',"
"Apartment',","70,","203,","4314,","41000906',"
"Apartment',","61,","256,","4736,","41001481',"
"Guesthouse',","46,","59,","821,","41003328',"
"House',","56,","972,","16605,","41046498',"
"Apartment',","47,","571,","8137,","41103264',"
"Serviced apartment',","12,","154,","554,","41108606',"
"Serviced apartment',","13,","143,","558,","41109164',"
"Apartment',","10,","183,","534,","41138080',"
"Condominium',","75,","109,","2498,","4118279',"
"Condominium',","34,","301,","3085,","41194686',"
"Guesthouse',","5,","132,","198,","41236239',"
"Apartment',","80,","174,","4176,","41242167',"
"House',","22,","220,","1485,","41297632',"
"House',","40,","256,","3115,","41306745',"
"Condominium',","68,","108,","2223,","4132828',"
"Apartment',","12,","64,","230,","41332120',"
"House',","41,","42,","518,","41356503',"
"Guest suite',","31,","85,","800,","41374620',"
"Guesthouse',","80,","200,","4889,","41381537',"
"Apartment',","35,","56,","602,","41387611',"
"House',","90,","425,","11475,","4141835',"
"Condominium',","100,","101,","3030,","41448498',"
"House',","40,","69,","835,","41451735',"
"Apartment',","68,","49,","1009,","41452213',"
"Condominium',","75,","80,","1800,","41472613',"
"House',","0,","95,","0,","41480643',"
"Apartment',","31,","113,","1055,","41534177',"
"Loft',","58,","57,","1009,","41616727',"
"Condominium',","67,","212,","4240,","41687477',"
"House',","63,","65,","1251,","41689599',"
"Loft',","57,","155,","2635,","41716787',"
"House',","56,","353,","6001,","41720155',"
"House',","24,","2751,","20174,","41750139',"
"House',","31,","146,","1351,","41799374',"
"Guest suite',","48,","95,","1368,","41834821',"
"House',","34,","515,","5305,","41854354',"
"Apartment',","37,","111,","1233,","41859417',"
"Loft',","47,","113,","1582,","41860363',"
"Condominium',","87,","111,","2942,","41874422',"
"House',","86,","50,","1288,","41879582',"
"House',","22,","584,","3893,","41911384',"
"House',","58,","114,","2014,","41912576',"
"Apartment',","57,","273,","4732,","41913503',"
"Condominium',","5,","499,","749,","41921423',"
"Loft',","43,","111,","1406,","41925262',"
"Condominium',","77,","235,","5405,","41926850',"
"House',","43,","207,","2691,","41933706',"
"Loft',","40,","114,","1368,","41960173',"
"Loft',","47,","112,","1568,","41960234',"
"Apartment',","29,","238,","2083,","42033020',"
"House',","69,","261,","5503,","42060854',"
"Townhouse',","49,","97,","1439,","42061003',"
"Condominium',","98,","77,","2277,","42101360',"
"Apartment',","7,","75,","164,","42188191',"
"Apartment',","56,","121,","2057,","42230299',"
"Guesthouse',","100,","74,","2257,","42250176',"
"Guest suite',","62,","70,","1322,","42250643',"
"Condominium',","74,","87,","1914,","42288702',"
"Apartment',","19,","199,","1144,","42351929',"
"Apartment',","72,","329,","7165,","42353799',"
"Condominium',","34,","338,","3515,","42382142',"
"Apartment',","76,","236,","5369,","42386658',"
"House',","37,","498,","5478,","42388011',"
"Apartment',","42,","380,","4687,","42390839',"
"House',","51,","332,","5146,","42415243',"
"Apartment',","39,","129,","1525,","42476110',"
"Apartment',","24,","108,","799,","42476117',"
"House',","0,","103,","0,","42477145',"
"Guest suite',","77,","73,","1691,","42510854',"
"House',","53,","297,","4777,","42562134',"
"House',","57,","318,","5512,","42603618',"
"Apartment',","44,","135,","1816,","42640144',"
"House',","60,","102,","1870,","42640683',"
"House',","39,","142,","1704,","42664701',"
"Apartment',","79,","166,","3951,","42685898',"
"House',","80,","108,","2628,","42745134',"
"Guesthouse',","70,","123,","2583,","42746665',"
"Apartment',","49,","127,","1869,","42760678',"
"Apartment',","87,","93,","2418,","42778104',"
"Apartment',","90,","86,","2322,","42786087',"
"Apartment',","74,","114,","2508,","42786280',"
"Apartment',","100,","110,","3355,","42803973',"
"House',","32,","350,","3442,","42812634',"
"Condominium',","79,","125,","2975,","42816430',"
"House',","47,","260,","3705,","42859103',"
"Apartment',","79,","53,","1268,","42861836',"
"Guesthouse',","85,","112,","2881,","4288499',"
"Apartment',","72,","465,","10230,","42895686',"
"House',","65,","232,","4607,","42898257',"
"House',","62,","253,","4782,","42921305',"
"House',","36,","247,","2695,","42921604',"
"Apartment',","79,","405,","9653,","42922647',"
"House',","80,","426,","10331,","42961310',"
"House',","87,","133,","3517,","42966987',"
"Apartment',","60,","92,","1664,","42980989',"
"Apartment',","51,","90,","1407,","42994091',"
"Villa',","47,","587,","8316,","42995144',"
"House',","73,","302,","6694,","43021665',"
"Condominium',","33,","145,","1450,","43079463',"
"Condominium',","83,","219,","5530,","43123149',"
"House',","59,","248,","4414,","43131152',"
"House',","77,","413,","9637,","43148483',"
"Apartment',","82,","108,","2680,","43149582',"
"Guest suite',","45,","93,","1277,","43168780',"
"Apartment',","68,","141,","2897,","431837',"
"House',","33,","364,","3607,","43185012',"
"Apartment',","39,","363,","4323,","43213996',"
"Apartment',","58,","304,","5371,","43214558',"
"Apartment',","27,","212,","1696,","43215300',"
"Apartment',","55,","106,","1755,","43237749',"
"Guest suite',","59,","109,","1944,","43275089',"
"Apartment',","61,","247,","4631,","43275984',"
"Apartment',","58,","401,","6917,","43299900',"
"Guesthouse',","60,","54,","992,","43317952',"
"Condominium',","71,","114,","2462,","43352936',"
"Apartment',","35,","543,","5702,","43371383',"
"Condominium',","58,","143,","2542,","43423017',"
"Guest suite',","53,","92,","1472,","43424388',"
"Apartment',","58,","162,","2851,","43441692',"
"Apartment',","43,","309,","4079,","43442892',"
"Guesthouse',","55,","38,","631,","43443757',"
"House',","78,","183,","4362,","43464929',"
"House',","25,","128,","960,","43469779',"
"Apartment',","16,","199,","945,","43473010',"
"House',","65,","218,","4324,","43478111',"
"Apartment',","60,","118,","2085,","43484722',"
"Apartment',","41,","146,","1825,","43485443',"
"Guesthouse',","55,","70,","1167,","43486565',"
"Apartment',","88,","76,","2037,","43499223',"
"Apartment',","36,","364,","4004,","43541333',"
"Apartment',","51,","264,","4026,","43565814',"
"Apartment',","90,","63,","1724,","43569047',"
"Apartment',","64,","90,","1751,","43570249',"
"Condominium',","31,","230,","2128,","43577838',"
"House',","57,","401,","6890,","43604424',"
"Apartment',","59,","255,","4526,","43653853',"
"Apartment',","40,","101,","1212,","43663144',"
"Apartment',","61,","378,","6804,","43664724',"
"House',","48,","533,","7801,","43766525',"
"Apartment',","45,","276,","3785,","43767271',"
"Guest suite',","78,","50,","1175,","43769279',"
"Apartment',","92,","63,","1764,","43777860',"
"Condominium',","23,","444,","2997,","43818280',"
"Apartment',","63,","74,","1414,","43821546',"
"Apartment',","38,","153,","1734,","43828051',"
"Apartment',","55,","127,","2134,","43830887',"
"Apartment',","50,","106,","1622,","43842620',"
"Condominium',","52,","202,","3165,","43869417',"
"Apartment',","48,","151,","2220,","43883042',"
"House',","18,","206,","1082,","43890251',"
"Apartment',","72,","68,","1489,","43898548',"
"Apartment',","16,","94,","444,","43906269',"
"House',","44,","103,","1376,","43911140',"
"Condominium',","43,","431,","5603,","43914328',"
"Apartment',","96,","107,","3032,","43944698',"
"Townhouse',","62,","158,","2970,","43947144',"
"Apartment',","65,","49,","965,","43955579',"
"Apartment',","68,","154,","3215,","43960854',"
"House',","95,","89,","2581,","43984925',"
"Apartment',","33,","358,","3580,","4401011',"
"Guest suite',","36,","61,","671,","44028075',"
"House',","37,","229,","2542,","44028612',"
"Villa',","41,","319,","4019,","44033550',"
"Condominium',","32,","285,","2814,","44044583',"
"Apartment',","0,","433,","0,","44050600',"
"Guesthouse',","56,","66,","1111,","44051534',"
"Townhouse',","40,","155,","1907,","44064903',"
"Apartment',","37,","539,","6131,","44073527',"
"Condominium',","90,","99,","2703,","44119499',"
"Villa',","33,","575,","5693,","44182876',"
"Condominium',","75,","371,","8348,","44189785',"
"House',","50,","292,","4380,","44230972',"
"Apartment',","51,","112,","1736,","44231236',"
"Apartment',","1,","111,","28,","44231528',"
"House',","56,","144,","2448,","44244467',"
"Condominium',","13,","519,","2128,","44277790',"
"Villa',","69,","383,","8005,","44294641',"
"Apartment',","0,","99,","0,","44433157',"
"Apartment',","60,","104,","1837,","44433491',"
"Apartment',","81,","127,","3080,","44434658',"
"Apartment',","20,","359,","2154,","44465958',"
"Apartment',","13,","212,","848,","44478800',"
"Guest suite',","82,","43,","1070,","44504541',"
"Condominium',","37,","368,","4048,","44505494',"
"Condominium',","69,","113,","2335,","44558380',"
"House',","56,","154,","2599,","44560958',"
"House',","66,","324,","6480,","44567769',"
"Condominium',","50,","103,","1558,","44593188',"
"Apartment',","74,","335,","7437,","44611161',"
"Apartment',","66,","48,","965,","44614072',"
"Villa',","14,","3250,","13464,","44647556',"
"Apartment',","63,","194,","3638,","44663353',"
"Apartment',","48,","325,","4631,","44667355',"
"House',","68,","98,","1985,","44676412',"
"Apartment',","65,","208,","4021,","44698082',"
"Apartment',","56,","130,","2229,","44740330',"
"Apartment',","37,","443,","4873,","44769341',"
"Apartment',","25,","105,","788,","44792160',"
"Guest suite',","48,","96,","1416,","4480738',"
"Condominium',","58,","122,","2105,","44848610',"
"Apartment',","43,","233,","2951,","44887615',"
"Apartment',","85,","92,","2331,","45001334',"
"Apartment',","17,","199,","995,","45008380',"
"Apartment',","13,","234,","936,","45016591',"
"Apartment',","47,","182,","2548,","45024262',"
"House',","3,","368,","276,","45026653',"
"House',","52,","254,","3991,","45027690',"
"House',","77,","323,","7573,","45028441',"
"House',","70,","277,","5725,","45054638',"
"House',","42,","323,","3984,","45054732',"
"Apartment',","61,","212,","3869,","45054890',"
"Apartment',","57,","235,","3995,","45054899',"
"Apartment',","62,","48,","901,","45056283',"
"Apartment',","81,","274,","6576,","45078964',"
"House',","24,","110,","784,","45098249',"
"House',","45,","223,","3058,","45104893',"
"Guest suite',","55,","80,","1337,","45105205',"
"Apartment',","73,","405,","8910,","45113950',"
"Apartment',","36,","48,","522,","45126100',"
"House',","61,","126,","2322,","45127574',"
"Tiny house',","0,","75,","0,","45165584',"
"House',","5,","60,","90,","45193038',"
"Apartment',","80,","154,","3696,","45205989',"
"Villa',","36,","3276,","36036,","45221453',"
"Apartment',","58,","125,","2167,","45239108',"
"Apartment',","79,","197,","4597,","45240776',"
"Condominium',","49,","124,","1819,","45272237',"
"House',","29,","67,","595,","45286702',"
"House',","41,","77,","943,","45303988',"
"House',","65,","529,","10382,","45311561',"
"Apartment',","86,","51,","1333,","45327834',"
"House',","50,","320,","4800,","45351640',"
"Apartment',","31,","145,","1341,","45359900',"
"Condominium',","90,","101,","2756,","45361401',"
"Apartment',","76,","66,","1526,","45365860',"
"Condominium',","56,","440,","7568,","45382299',"
"Apartment',","80,","48,","1152,","45399274',"
"Apartment',","22,","222,","1443,","45454887',"
"Apartment',","16,","296,","1406,","45480472',"
"Condominium',","55,","172,","2838,","45482661',"
"Apartment',","25,","314,","2355,","45482802',"
"Apartment',","65,","366,","7198,","45483722',"
"Condominium',","20,","293,","1758,","45483828',"
"Apartment',","69,","127,","2582,","45503650',"
"Apartment',","45,","115,","1533,","45544288',"
"Condominium',","8,","217,","543,","45565654',"
"Apartment',","36,","209,","2264,","45592994',"
"Apartment',","51,","230,","3527,","45593515',"
"Serviced apartment',","38,","189,","2174,","45593829',"
"Condominium',","24,","174,","1262,","45606374',"
"Condominium',","48,","117,","1705,","45622850',"
"Condominium',","18,","162,","891,","45640630',"
"Townhouse',","39,","185,","2158,","45640757',"
"Apartment',","68,","73,","1502,","45676879',"
"Apartment',","32,","148,","1406,","45682205',"
"House',","68,","353,","7262,","45685970',"
"Guest suite',","15,","52,","238,","45690048',"
"Apartment',","44,","105,","1391,","45690875',"
"Apartment',","39,","411,","4850,","45693212',"
"Condominium',","19,","200,","1150,","45696642',"
"Guesthouse',","47,","125,","1750,","45720306',"
"Apartment',","98,","123,","3690,","45722096',"
"Apartment',","35,","181,","1870,","45739609',"
"House',","65,","46,","897,","45741325',"
"House',","55,","172,","2875,","45748938',"
"House',","54,","120,","1960,","45752687',"
"Apartment',","94,","83,","2324,","45757627',"
"House',","31,","101,","946,","4578430',"
"Apartment',","34,","183,","1876,","45799073',"
"Guesthouse',","58,","40,","697,","45801920',"
"Apartment',","33,","201,","1943,","45802184',"
"Apartment',","44,","424,","5583,","45880715',"
"Apartment',","38,","143,","1645,","45898055',"
"Condominium',","87,","174,","4466,","45922560',"
"Apartment',","0,","108,","0,","45928675',"
"Condominium',","54,","108,","1728,","45938858',"
"Apartment',","79,","79,","1883,","45942613',"
"Guesthouse',","6,","143,","250,","45951544',"
"House',","21,","94,","588,","45968735',"
"Condominium',","49,","303,","4484,","45975445',"
"Apartment',","34,","89,","912,","45978732',"
"Apartment',","80,","136,","3264,","45988058',"
"Condominium',","11,","226,","735,","45992518',"
"Apartment',","31,","166,","1549,","46001432',"
"Apartment',","52,","170,","2607,","46010693',"
"Villa',","66,","811,","16220,","46013362',"
"Apartment',","93,","195,","5411,","46021516',"
"Apartment',","47,","132,","1848,","46026626',"
"Apartment',","67,","104,","2101,","46037162',"
"Apartment',","77,","161,","3703,","46047401',"
"Condominium',","4,","253,","316,","46048488',"
"Apartment',","48,","141,","2009,","46063394',"
"Apartment',","63,","166,","3154,","46083846',"
"Apartment',","22,","84,","560,","46087589',"
"Apartment',","23,","83,","581,","46087594',"
"Condominium',","91,","106,","2897,","46090795',"
"Apartment',","63,","293,","5567,","46103101',"
"Serviced apartment',","88,","675,","17719,","46118945',"
"Condominium',","80,","241,","5784,","46123680',"
"Condominium',","49,","106,","1564,","46132325',"
"Apartment',","58,","144,","2484,","46134851',"
"Apartment',","81,","70,","1698,","46137257',"
"House',","47,","177,","2508,","46177029',"
"House',","30,","185,","1665,","46178607',"
"Apartment',","67,","194,","3880,","46179817',"
"House',","54,","720,","11760,","46198612',"
"Apartment',","60,","118,","2148,","46260704',"
"Townhouse',","75,","386,","8685,","46272552',"
"Townhouse',","33,","417,","4170,","46273009',"
"House',","28,","160,","1360,","46282140',"
"House',","69,","82,","1695,","46292380',"
"Tiny house',","57,","300,","5100,","46294750',"
"House',","34,","361,","3730,","46317867',"
"Apartment',","54,","72,","1170,","46328993',"
"Condominium',","3,","355,","355,","46336704',"
"Condominium',","40,","121,","1452,","46351788',"
"Apartment',","97,","102,","2958,","46405908',"
"Apartment',","56,","396,","6732,","46411829',"
"Condominium',","33,","298,","2881,","46412870',"
"Apartment',","39,","220,","2585,","46431658',"
"Apartment',","27,","350,","2800,","46442019',"
"Apartment',","70,","431,","9051,","46453870',"
"Apartment',","52,","250,","3875,","46462024',"
"House',","92,","431,","11924,","46473785',"
"Apartment',","23,","300,","2100,","46477490',"
"Apartment',","78,","110,","2596,","46498388',"
"House',","64,","587,","11251,","46502709',"
"Apartment',","70,","123,","2583,","46531119',"
"House',","64,","295,","5664,","46552429',"
"Cottage',","62,","202,","3838,","46583985',"
"Guesthouse',","98,","47,","1391,","46597843',"
"Condominium',","65,","93,","1814,","46603099',"
"House',","89,","348,","9309,","46621384',"
"Apartment',","60,","70,","1260,","46624591',"
"Apartment',","63,","305,","5795,","46627742',"
"House',","10,","68,","204,","46636876',"
"Apartment',","88,","107,","2809,","46667046',"
"Villa',","81,","684,","16690,","46671858',"
"House',","56,","184,","3082,","46688744',"
"Guesthouse',","48,","75,","1069,","46693795',"
"House',","79,","335,","7973,","46722592',"
"Tiny house',","78,","69,","1622,","46778462',"
"Apartment',","20,","323,","1938,","46785685',"
"Townhouse',","74,","696,","15590,","46796997',"
"Condominium',","41,","197,","2495,","46871142',"
"House',","49,","133,","1962,","46882248',"
"House',","71,","387,","8224,","46892811',"
"House',","91,","357,","9728,","46913241',"
"Condominium',","39,","83,","975,","46920245',"
"Guest suite',","42,","74,","925,","46964999',"
"Apartment',","31,","66,","616,","46965034',"
"House',","77,","505,","11716,","46966387',"
"House',","70,","214,","4494,","46972726',"
"Condominium',","51,","126,","1922,","46974376',"
"Townhouse',","96,","90,","2588,","47024857',"
"House',","62,","94,","1739,","47054765',"
"Loft',","40,","537,","6444,","47081946',"
"Guest suite',","59,","41,","728,","47114982',"
"Townhouse',","73,","747,","16247,","47157939',"
"Apartment',","66,","371,","7327,","47174938',"
"Condominium',","93,","134,","3752,","47191572',"
"Apartment',","60,","189,","3402,","47219463',"
"House',","89,","169,","4521,","47238389',"
"Townhouse',","50,","119,","1785,","47241754',"
"Townhouse',","81,","136,","3298,","47242256',"
"Condominium',","82,","91,","2214,","47334062',"
"Apartment',","58,","84,","1470,","47340521',"
"House',","33,","149,","1490,","47359940',"
"Guesthouse',","93,","37,","1036,","47362257',"
"Villa',","49,","556,","8155,","47378127',"
"Apartment',","88,","138,","3657,","47403541',"
"House',","56,","258,","4322,","47450688',"
"Condominium',","78,","110,","2530,","47457280',"
"Condominium',","86,","68,","1751,","47492535',"
"Apartment',","93,","146,","4088,","47518231',"
"House',","79,","227,","5391,","47518748',"
"House',","94,","94,","2632,","47543143',"
"House',","69,","294,","6101,","47575587',"
"Apartment',","28,","75,","619,","47581258',"
"Guesthouse',","92,","245,","6860,","47596722',"
"Loft',","39,","125,","1486,","4773138',"
"Apartment',","62,","120,","2200,","47736478',"
"House',","95,","128,","3712,","47759434',"
"Apartment',","26,","119,","912,","47765499',"
"House',","74,","768,","16896,","47781946',"
"Apartment',","13,","97,","364,","47796192',"
"Apartment',","47,","212,","2968,","47812152',"
"Guest suite',","51,","63,","961,","47816509',"
"House',","32,","2994,","28693,","478321',"
"Apartment',","90,","168,","4480,","47845660',"
"Apartment',","77,","166,","3818,","47859155',"
"Villa',","84,","2696,","67400,","47884705',"
"Condominium',","67,","770,","15785,","47888820',"
"Condominium',","40,","499,","5988,","47889725',"
"Guesthouse',","92,","93,","2604,","47909188',"
"Apartment',","77,","409,","9407,","47942239',"
"Apartment',","11,","91,","303,","4795196',"
"Loft',","39,","112,","1307,","47956389',"
"Loft',","83,","106,","2650,","47956482',"
"Guest suite',","60,","64,","1131,","47991080',"
"House',","60,","369,","6642,","48031398',"
"House',","33,","1785,","17255,","48058104',"
"House',","67,","56,","1120,","48080295',"
"Villa',","58,","855,","14820,","48138210',"
"House',","65,","821,","15873,","48146493',"
"House',","56,","2432,","40533,","48149840',"
"Apartment',","84,","42,","1050,","48171016',"
"Apartment',","62,","147,","2793,","48172356',"
"Apartment',","54,","133,","2128,","48223528',"
"Apartment',","90,","180,","4950,","48310659',"
"House',","78,","176,","4180,","483135',"
"Apartment',","97,","141,","4160,","48441330',"
"Apartment',","92,","135,","3780,","4935904',"
"Condominium',","58,","94,","1665,","5010531',"
"Guesthouse',","55,","90,","1493,","5209029',"
"Apartment',","46,","230,","3178,","5548739',"
"Apartment',","33,","234,","2366,","5620281',"
"Apartment',","25,","99,","767,","5773586',"
"House',","86,","286,","7508,","5787716',"
"Apartment',","55,","360,","6084,","6045312',"
"Apartment',","80,","51,","1241,","6083806',"
"House',","90,","349,","9598,","6119104',"
"Apartment',","22,","102,","672,","6120831',"
"Guesthouse',","30,","89,","823,","6165697',"
"Cottage',","63,","109,","2101,","650708',"
"Condominium',","6,","140,","267,","663361',"
"Condominium',","61,","114,","2119,","6696783',"
"Guesthouse',","71,","73,","1573,","6775797',"
"Guest suite',","65,","56,","1114,","6837500',"
"Townhouse',","41,","134,","1675,","704676',"
"Condominium',","39,","120,","1410,","7072023',"
"Apartment',","27,","424,","3498,","7130453',"
"Apartment',","70,","561,","12062,","7145630',"
"House',","34,","87,","899,","7218408',"
"House',","75,","110,","2493,","7272204',"
"Guesthouse',","64,","53,","1042,","7396280',"
"Apartment',","0,","255,","0,","773911',"
"Guesthouse',","67,","95,","1924,","775360',"
"Guesthouse',","62,","122,","2288,","7837157',"
