Property Type,Listing Ids,Occupancy,Nightly Rate,Monthly Rental Income
    'Apartment',   '9653554',87,52,1376
"    'Apartment',","   '10811316',","    93,","    59,","    1677,"
"    'Apartment',","   '11047853',","    22,","    134,","    884,"
"    'Apartment',","   '11161764',","    30,","    103,","    936,"
"    'Apartment',","   '12157281',","    87,","    50,","    1321,"
"    'Apartment',","   '15124826',","    69,","    73,","    1527,"
"    'Apartment',","   '1873154',","    34,","    70,","    713,"
"    'Apartment',","   '19194949',","    68,","    84,","    1729,"
"    'Apartment',","   '20664772',","    54,","    121,","    1997,"
"    'Apartment',","   '20835474',","    20,","    80,","    480,"
"    'Apartment',","   '21730284',","    54,","    78,","    1287,"
"    'Apartment',","   '22569682',","    46,","    109,","    1538,"
"    'Apartment',","   '23018249',","    36,","    124,","    1349,"
"    'Apartment',","   '23091646',","    73,","    54,","    1206,"
"    'Apartment',","   '23319671',","    40,","    169,","    2042,"
"    'Apartment',","   '23882803',","    35,","    150,","    1575,"
"    'Apartment',","   '23883009',","    54,","    405,","    6683,"
"    'Apartment',","   '24216680',","    75,","    51,","    1165,"
"    'Apartment',","   '24497943',","    91,","    114,","    3145,"
"    'Apartment',","   '25809605',","    28,","    113,","    961,"
"    'Apartment',","   '25810081',","    25,","    163,","    1250,"
"    'Apartment',","   '25918244',","    25,","    158,","    1192,"
"    'Apartment',","   '26867987',","    33,","    95,","    960,"
"    'Apartment',","   '27124209',","    30,","    74,","    666,"
"    'Apartment',","   '27333773',","    77,","    66,","    1551,"
"    'Apartment',","   '27394327',","    21,","    179,","    1164,"
"    'Apartment',","   '27545145',","    100,","    85,","    2597,"
"    'Apartment',","   '27549862',","    79,","    110,","    2662,"
"    'Apartment',","   '28226581',","    42,","    88,","    1129,"
"    'Apartment',","   '28271735',","    67,","    159,","    3233,"
"    'Apartment',","   '28755648',","    53,","    43,","    692,"
"    'Apartment',","   '28756250',","    55,","    47,","    783,"
"    'Apartment',","   '28809170',","    2,","    137,","    96,"
"    'Apartment',","   '28909299',","    67,","    39,","    798,"
"    'Apartment',","   '29028252',","    37,","    158,","    1778,"
"    'Apartment',","   '29526141',","    62,","    109,","    2071,"
"    'Apartment',","   '29526784',","    53,","    85,","    1381,"
"    'Apartment',","   '30407927',","    96,","    50,","    1467,"
"    'Apartment',","   '30712074',","    55,","    89,","    1495,"
"    'Apartment',","   '30776142',","    79,","    131,","    3173,"
"    'Apartment',","   '31211036',","    61,","    54,","    999,"
"    'Apartment',","   '31271730',","    46,","    132,","    1848,"
"    'Apartment',","   '31488341',","    62,","    94,","    1770,"
"    'Apartment',","   '31494285',","    64,","    150,","    2925,"
"    'Apartment',","   '31675769',","    23,","    178,","    1261,"
"    'Apartment',","   '31733394',","    32,","    139,","    1376,"
"    'Apartment',","   '31762742',","    65,","    141,","    2773,"
"    'Apartment',","   '31873388',","    57,","    143,","    2491,"
"    'Apartment',","   '32188086',","    59,","    87,","    1552,"
"    'Apartment',","   '32241146',","    82,","    88,","    2209,"
"    'Apartment',","   '32244621',","    21,","    173,","    1090,"
"    'Apartment',","   '32501378',","    38,","    168,","    1940,"
"    'Apartment',","   '32815223',","    41,","    95,","    1180,"
"    'Apartment',","   '32867132',","    67,","    87,","    1792,"
"    'Apartment',","   '32870642',","    26,","    137,","    1096,"
"    'Apartment',","   '32871040',","    35,","    112,","    1176,"
"    'Apartment',","   '33046219',","    19,","    111,","    626,"
"    'Apartment',","   '33225430',","    76,","    80,","    1840,"
"    'Apartment',","   '33660378',","    70,","    85,","    1813,"
"    'Apartment',","   '33716456',","    80,","    36,","    879,"
"    'Apartment',","   '34392285',","    49,","    150,","    2250,"
"    'Apartment',","   '34420576',","    62,","    155,","    2932,"
"    'Apartment',","   '34748058',","    77,","    126,","    2951,"
"    'Apartment',","   '35007352',","    95,","    39,","    1128,"
"    'Apartment',","   '35228091',","    81,","    114,","    2803,"
"    'Apartment',","   '35484633',","    39,","    76,","    893,"
"    'Apartment',","   '35712126',","    26,","    133,","    1064,"
"    'Apartment',","   '36133013',","    33,","    38,","    386,"
"    'Apartment',","   '37288031',","    67,","    54,","    1098,"
"    'Apartment',","   '37432739',","    22,","    178,","    1172,"
"    'Apartment',","   '37943087',","    86,","    52,","    1365,"
"    'Apartment',","   '37992490',","    55,","    74,","    1227,"
"    'Apartment',","   '38123181',","    82,","    83,","    2061,"
"    'Apartment',","   '38126027',","    71,","    83,","    1798,"
"    'Apartment',","   '38321522',","    58,","    63,","    1103,"
"    'Apartment',","   '38322827',","    54,","    62,","    1018,"
"    'Apartment',","   '39048157',","    85,","    74,","    1918,"
"    'Apartment',","   '39100999',","    38,","    63,","    730,"
"    'Apartment',","   '39103491',","    21,","    104,","    650,"
"    'Apartment',","   '39111671',","    83,","    149,","    3762,"
"    'Apartment',","   '39637680',","    100,","    94,","    2867,"
"    'Apartment',","   '40018382',","    18,","    95,","    523,"
"    'Apartment',","   '40022846',","    66,","    130,","    2626,"
"    'Apartment',","   '40093547',","    14,","    111,","    488,"
"    'Apartment',","   '40354126',","    59,","    104,","    1863,"
"    'Apartment',","   '40541823',","    32,","    88,","    862,"
"    'Apartment',","   '40693524',","    54,","    78,","    1287,"
"    'Apartment',","   '40757750',","    40,","    77,","    937,"
"    'Apartment',","   '40778431',","    22,","    194,","    1319,"
"    'Apartment',","   '40957469',","    58,","    62,","    1090,"
"    'Apartment',","   '40961787',","    66,","    99,","    1980,"
"    'Apartment',","   '41067127',","    17,","    184,","    935,"
"    'Apartment',","   '41085619',","    74,","    102,","    2304,"
"    'Apartment',","   '41124377',","    52,","    99,","    1576,"
"    'Apartment',","   '41127571',","    64,","    104,","    2011,"
"    'Apartment',","   '41404638',","    64,","    82,","    1585,"
"    'Apartment',","   '41534815',","    7,","    75,","    150,"
"    'Apartment',","   '41690353',","    11,","    146,","    475,"
"    'Apartment',","   '41887863',","    76,","    115,","    2645,"
"    'Apartment',","   '41997669',","    35,","    79,","    830,"
"    'Apartment',","   '42051167',","    6,","    190,","    348,"
"    'Apartment',","   '42096763',","    1,","    136,","    57,"
"    'Apartment',","   '42098070',","    44,","    65,","    878,"
"    'Apartment',","   '42134942',","    35,","    81,","    859,"
"    'Apartment',","   '42159394',","    64,","    151,","    2957,"
"    'Apartment',","   '42251159',","    38,","    183,","    2141,"
"    'Apartment',","   '42341560',","    53,","    85,","    1381,"
"    'Apartment',","   '42341561',","    49,","    80,","    1193,"
"    'Apartment',","   '42423202',","    84,","    55,","    1407,"
"    'Apartment',","   '42488832',","    89,","    79,","    2133,"
"    'Apartment',","   '42557089',","    73,","    93,","    2069,"
"    'Apartment',","   '42680597',","    75,","    101,","    2315,"
"    'Apartment',","   '42779365',","    33,","    128,","    1269,"
"    'Apartment',","   '42790454',","    79,","    103,","    2472,"
"    'Apartment',","   '42815365',","    26,","    116,","    928,"
"    'Apartment',","   '42995933',","    31,","    135,","    1260,"
"    'Apartment',","   '42998531',","    44,","    127,","    1715,"
"    'Apartment',","   '42998635',","    43,","    142,","    1858,"
"    'Apartment',","   '42998794',","    76,","    133,","    3070,"
"    'Apartment',","   '42999039',","    61,","    120,","    2220,"
"    'Apartment',","   '42999138',","    73,","    132,","    2948,"
"    'Apartment',","   '42999293',","    64,","    136,","    2629,"
"    'Apartment',","   '43023848',","    73,","    104,","    2305,"
"    'Apartment',","   '43094081',","    47,","    135,","    1935,"
"    'Apartment',","   '43140214',","    54,","    68,","    1105,"
"    'Apartment',","   '43170521',","    67,","    37,","    752,"
"    'Apartment',","   '4324037',","    29,","    75,","    668,"
"    'Apartment',","   '43323577',","    24,","    136,","    986,"
"    'Apartment',","   '43419648',","    52,","    63,","    998,"
"    'Apartment',","   '43551526',","    51,","    78,","    1209,"
"    'Apartment',","   '43652238',","    53,","    67,","    1080,"
"    'Apartment',","   '43716147',","    7,","    159,","    318,"
"    'Apartment',","   '43741117',","    42,","    141,","    1805,"
"    'Apartment',","   '43743178',","    48,","    149,","    2161,"
"    'Apartment',","   '43764851',","    50,","    94,","    1431,"
"    'Apartment',","   '43790968',","    9,","    97,","    267,"
"    'Apartment',","   '43791345',","    76,","    102,","    2365,"
"    'Apartment',","   '43844090',","    33,","    140,","    1365,"
"    'Apartment',","   '43859473',","    51,","    97,","    1504,"
"    'Apartment',","   '43860107',","    82,","    80,","    2000,"
"    'Apartment',","   '43930945',","    36,","    80,","    880,"
"    'Apartment',","   '43960748',","    52,","    96,","    1526,"
"    'Apartment',","   '43977131',","    68,","    126,","    2596,"
"    'Apartment',","   '43984939',","    12,","    102,","    374,"
"    'Apartment',","   '44004457',","    7,","    79,","    158,"
"    'Apartment',","   '44276584',","    83,","    47,","    1181,"
"    'Apartment',","   '44294356',","    52,","    222,","    3441,"
"    'Apartment',","   '44351880',","    85,","    69,","    1780,"
"    'Apartment',","   '44395655',","    57,","    53,","    914,"
"    'Apartment',","   '44434858',","    23,","    84,","    597,"
"    'Apartment',","   '44554574',","    41,","    94,","    1175,"
"    'Apartment',","   '44611169',","    11,","    108,","    351,"
"    'Apartment',","   '44612164',","    19,","    89,","    509,"
"    'Apartment',","   '44612458',","    4,","    95,","    107,"
"    'Apartment',","   '44644276',","    68,","    54,","    1094,"
"    'Apartment',","   '44798255',","    64,","    56,","    1092,"
"    'Apartment',","   '45080432',","    69,","    62,","    1294,"
"    'Apartment',","   '45101089',","    84,","    73,","    1854,"
"    'Apartment',","   '45206541',","    42,","    118,","    1475,"
"    'Apartment',","   '45452291',","    16,","    94,","    470,"
"    'Apartment',","   '45452673',","    21,","    104,","    654,"
"    'Apartment',","   '45467086',","    58,","    78,","    1382,"
"    'Apartment',","   '45480567',","    31,","    98,","    931,"
"    'Apartment',","   '45517179',","    81,","    47,","    1155,"
"    'Apartment',","   '45546296',","    26,","    115,","    891,"
"    'Apartment',","   '45688542',","    66,","    162,","    3213,"
"    'Apartment',","   '45699681',","    72,","    153,","    3305,"
"    'Apartment',","   '45699801',","    63,","    158,","    3002,"
"    'Apartment',","   '45699862',","    79,","    147,","    3507,"
"    'Apartment',","   '45710402',","    37,","    149,","    1639,"
"    'Apartment',","   '45958114',","    73,","    102,","    2244,"
"    'Apartment',","   '46006830',","    46,","    89,","    1246,"
"    'Apartment',","   '46200554',","    57,","    48,","    832,"
"    'Apartment',","   '46242056',","    69,","    133,","    2771,"
"    'Apartment',","   '4631059',","    44,","    114,","    1539,"
"    'Apartment',","   '46410542',","    63,","    80,","    1540,"
"    'Apartment',","   '46432500',","    45,","    35,","    473,"
"    'Apartment',","   '46466769',","    60,","    103,","    1854,"
"    'Apartment',","   '46582094',","    83,","    114,","    2850,"
"    'Apartment',","   '46729161',","    87,","    164,","    4297,"
"    'Apartment',","   '46729373',","    67,","    152,","    3070,"
"    'Apartment',","   '46773522',","    57,","    96,","    1632,"
"    'Apartment',","   '46790657',","    53,","    126,","    1985,"
"    'Apartment',","   '46829483',","    78,","    68,","    1598,"
"    'Apartment',","   '46839611',","    76,","    70,","    1610,"
"    'Apartment',","   '46902090',","    52,","    61,","    946,"
"    'Apartment',","   '47075673',","    41,","    241,","    2952,"
"    'Apartment',","   '47227159',","    33,","    120,","    1200,"
"    'Apartment',","   '47410346',","    57,","    207,","    3519,"
"    'Apartment',","   '47462317',","    32,","    111,","    1055,"
"    'Apartment',","   '47779779',","    54,","    134,","    2178,"
"    'Apartment',","   '47819281',","    31,","    136,","    1258,"
"    'Apartment',","   '47890449',","    72,","    98,","    2156,"
"    'Apartment',","   '47974728',","    64,","    95,","    1805,"
"    'Apartment',","   '48000744',","    59,","    111,","    1998,"
"    'Apartment',","   '48000962',","    72,","    106,","    2332,"
"    'Apartment',","   '48011126',","    67,","    78,","    1560,"
"    'Apartment',","   '48046865',","    67,","    107,","    2140,"
"    'Apartment',","   '48068551',","    21,","    60,","    380,"
"    'Apartment',","   '48170013',","    82,","    51,","    1241,"
"    'Apartment',","   '48336477',","    64,","    127,","    2413,"
"    'Apartment',","   '48384941',","    93,","    52,","    1482,"
"    'Apartment',","   '48450623',","    72,","    94,","    2068,"
"    'Apartment',","   '48714068',","    46,","    200,","    2800,"
"    'Apartment',","   '6436073',","    29,","    150,","    1338,"
"    'Apartment',","   '7643618',","    2,","    99,","    58,"
"    'Bungalow',","   '12365541',","    34,","    357,","    3689,"
"    'Bungalow',","   '15206954',","    63,","    700,","    13475,"
"    'Bungalow',","   '16478347',","    33,","    249,","    2469,"
"    'Bungalow',","   '16578684',","    30,","    747,","    6785,"
"    'Bungalow',","   '17431325',","    100,","    110,","    3346,"
"    'Bungalow',","   '17929361',","    67,","    152,","    3116,"
"    'Bungalow',","   '19162646',","    44,","    159,","    2139,"
"    'Bungalow',","   '19548402',","    65,","    597,","    11890,"
"    'Bungalow',","   '20176313',","    38,","    87,","    1001,"
"    'Bungalow',","   '23418788',","    59,","    110,","    1962,"
"    'Bungalow',","   '24016803',","    48,","    90,","    1301,"
"    'Bungalow',","   '26641323',","    54,","    116,","    1888,"
"    'Bungalow',","   '27234803',","    9,","    156,","    416,"
"    'Bungalow',","   '28011302',","    91,","    83,","    2289,"
"    'Bungalow',","   '29176012',","    81,","    128,","    3136,"
"    'Bungalow',","   '29236348',","    27,","    152,","    1262,"
"    'Bungalow',","   '32476905',","    45,","    114,","    1549,"
"    'Bungalow',","   '32744340',","    96,","    80,","    2333,"
"    'Bungalow',","   '32901287',","    75,","    109,","    2480,"
"    'Bungalow',","   '33658219',","    16,","    119,","    595,"
"    'Bungalow',","   '33772899',","    70,","    82,","    1756,"
"    'Bungalow',","   '34297873',","    41,","    100,","    1258,"
"    'Bungalow',","   '34888612',","    35,","    60,","    640,"
"    'Bungalow',","   '35282195',","    55,","    43,","    721,"
"    'Bungalow',","   '38147181',","    34,","    151,","    1551,"
"    'Bungalow',","   '38175017',","    56,","    108,","    1854,"
"    'Bungalow',","   '38375499',","    31,","    106,","    983,"
"    'Bungalow',","   '38693871',","    56,","    85,","    1445,"
"    'Bungalow',","   '39231228',","    90,","    77,","    2118,"
"    'Bungalow',","   '39341330',","    38,","    104,","    1205,"
"    'Bungalow',","   '39925568',","    32,","    194,","    1859,"
"    'Bungalow',","   '40000360',","    54,","    170,","    2791,"
"    'Bungalow',","   '40703140',","    13,","    360,","    1410,"
"    'Bungalow',","   '40734596',","    41,","    89,","    1100,"
"    'Bungalow',","   '41476222',","    74,","    88,","    1987,"
"    'Bungalow',","   '41802957',","    7,","    132,","    275,"
"    'Bungalow',","   '41961935',","    58,","    161,","    2844,"
"    'Bungalow',","   '42544182',","    61,","    231,","    4254,"
"    'Bungalow',","   '42771824',","    42,","    94,","    1199,"
"    'Bungalow',","   '42779475',","    83,","    76,","    1919,"
"    'Bungalow',","   '43309585',","    21,","    167,","    1052,"
"    'Bungalow',","   '43786981',","    55,","    94,","    1564,"
"    'Bungalow',","   '43859839',","    57,","    111,","    1924,"
"    'Bungalow',","   '44450144',","    44,","    88,","    1173,"
"    'Bungalow',","   '45711468',","    52,","    86,","    1364,"
"    'Bungalow',","   '45782971',","    69,","    101,","    2121,"
"    'Bungalow',","   '46036594',","    70,","    146,","    3066,"
"    'Bungalow',","   '46171048',","    38,","    171,","    1924,"
"    'Bungalow',","   '46756867',","    76,","    117,","    2691,"
"    'Bungalow',","   '46851547',","    53,","    132,","    2079,"
"    'Bungalow',","   '47053271',","    75,","    156,","    3526,"
"    'Bungalow',","   '48014502',","    60,","    147,","    2646,"
"    'Condominium',","   '10586075',","    10,","    90,","    288,"
"    'Condominium',","   '15230970',","    60,","    93,","    1705,"
"    'Condominium',","   '15419433',","    14,","    134,","    563,"
"    'Condominium',","   '1656885',","    20,","    232,","    1415,"
"    'Condominium',","   '19735285',","    75,","    125,","    2833,"
"    'Condominium',","   '22360378',","    54,","    92,","    1518,"
"    'Condominium',","   '22360397',","    38,","    92,","    1050,"
"    'Condominium',","   '22828085',","    48,","    96,","    1400,"
"    'Condominium',","   '22828120',","    49,","    96,","    1431,"
"    'Condominium',","   '24011177',","    72,","    61,","    1342,"
"    'Condominium',","   '24180561',","    27,","    92,","    744,"
"    'Condominium',","   '24894280',","    82,","    83,","    2075,"
"    'Condominium',","   '260258',","    44,","    81,","    1073,"
"    'Condominium',","   '27554483',","    63,","    128,","    2467,"
"    'Condominium',","   '28301690',","    0,","    89,","    9,"
"    'Condominium',","   '31406173',","    54,","    153,","    2499,"
"    'Condominium',","   '31593406',","    39,","    150,","    1800,"
"    'Condominium',","   '32046613',","    51,","    80,","    1233,"
"    'Condominium',","   '33307072',","    88,","    98,","    2613,"
"    'Condominium',","   '33441818',","    54,","    180,","    2952,"
"    'Condominium',","   '34057022',","    81,","    80,","    1973,"
"    'Condominium',","   '34863032',","    71,","    79,","    1712,"
"    'Condominium',","   '36203669',","    19,","    129,","    735,"
"    'Condominium',","   '37655991',","    53,","    125,","    2025,"
"    'Condominium',","   '39276524',","    27,","    78,","    641,"
"    'Condominium',","   '40056534',","    10,","    105,","    315,"
"    'Condominium',","   '40890296',","    32,","    51,","    500,"
"    'Condominium',","   '41206041',","    7,","    231,","    462,"
"    'Condominium',","   '41718600',","    60,","    113,","    2072,"
"    'Condominium',","   '42179841',","    58,","    91,","    1608,"
"    'Condominium',","   '42877623',","    71,","    136,","    2924,"
"    'Condominium',","   '43402887',","    52,","    260,","    4030,"
"    'Condominium',","   '43463724',","    28,","    123,","    1015,"
"    'Condominium',","   '43714050',","    29,","    86,","    751,"
"    'Condominium',","   '45284534',","    8,","    132,","    330,"
"    'Condominium',","   '45344467',","    27,","    124,","    1033,"
"    'Condominium',","   '45527038',","    70,","    131,","    2817,"
"    'Condominium',","   '45639828',","    83,","    163,","    4102,"
"    'Condominium',","   '45749005',","    52,","    228,","    3496,"
"    'Condominium',","   '45944090',","    0,","    80,","    0,"
"    'Condominium',","   '45969800',","    75,","    81,","    1828,"
"    'Condominium',","   '46068545',","    48,","    144,","    2088,"
"    'Condominium',","   '46088637',","    70,","    140,","    2940,"
"    'Condominium',","   '46089254',","    67,","    135,","    2723,"
"    'Condominium',","   '46357144',","    86,","    84,","    2184,"
"    'Condominium',","   '46727018',","    41,","    140,","    1750,"
"    'Condominium',","   '47071382',","    61,","    170,","    3103,"
"    'Condominium',","   '47547833',","    78,","    135,","    3173,"
"    'Condominium',","   '48226023',","    41,","    144,","    1800,"
"    'Condominium',","   '5619084',","    82,","    132,","    3300,"
"    'Condominium',","   '6403047',","    14,","    140,","    616,"
"    'Condominium',","   '80851',","    52,","    57,","    893,"
"    'Cottage',","   '27428194',","    96,","    80,","    2340,"
"    'Cottage',","   '35683344',","    94,","    95,","    2723,"
"    'Cottage',","   '40250146',","    55,","    76,","    1267,"
"    'Cottage',","   '41963652',","    18,","    73,","    394,"
"    'Cottage',","   '44432056',","    42,","    70,","    890,"
"    'Cottage',","   '46573666',","    68,","    67,","    1374,"
"    'Guest suite',","   '13508541',","    79,","    63,","    1503,"
"    'Guest suite',","   '17524137',","    44,","    87,","    1160,"
"    'Guest suite',","   '20568159',","    83,","    54,","    1364,"
"    'Guest suite',","   '24093573',","    90,","    41,","    1128,"
"    'Guest suite',","   '24893231',","    90,","    37,","    1011,"
"    'Guest suite',","   '25514837',","    43,","    67,","    877,"
"    'Guest suite',","   '28412792',","    57,","    63,","    1087,"
"    'Guest suite',","   '28521950',","    54,","    55,","    908,"
"    'Guest suite',","   '31409396',","    28,","    69,","    577,"
"    'Guest suite',","   '31535651',","    61,","    327,","    6104,"
"    'Guest suite',","   '31761780',","    21,","    89,","    579,"
"    'Guest suite',","   '33136593',","    82,","    46,","    1154,"
"    'Guest suite',","   '33346138',","    53,","    66,","    1062,"
"    'Guest suite',","   '37183566',","    44,","    68,","    903,"
"    'Guest suite',","   '37914082',","    82,","    40,","    991,"
"    'Guest suite',","   '38581622',","    78,","    54,","    1287,"
"    'Guest suite',","   '38775633',","    59,","    79,","    1438,"
"    'Guest suite',","   '39393887',","    18,","    57,","    314,"
"    'Guest suite',","   '39485703',","    5,","    53,","    88,"
"    'Guest suite',","   '39799162',","    67,","    39,","    790,"
"    'Guest suite',","   '40117477',","    70,","    63,","    1339,"
"    'Guest suite',","   '40371971',","    48,","    56,","    829,"
"    'Guest suite',","   '41433115',","    41,","    59,","    742,"
"    'Guest suite',","   '41558888',","    87,","    39,","    1030,"
"    'Guest suite',","   '41800148',","    27,","    52,","    420,"
"    'Guest suite',","   '42488009',","    30,","    101,","    934,"
"    'Guest suite',","   '42536960',","    28,","    45,","    387,"
"    'Guest suite',","   '43485941',","    94,","    32,","    914,"
"    'Guest suite',","   '44529029',","    63,","    68,","    1301,"
"    'Guest suite',","   '45176351',","    44,","    50,","    663,"
"    'Guest suite',","   '45393550',","    34,","    69,","    720,"
"    'Guest suite',","   '45412627',","    50,","    79,","    1185,"
"    'Guest suite',","   '45456321',","    50,","    61,","    915,"
"    'Guest suite',","   '45531379',","    15,","    74,","    333,"
"    'Guest suite',","   '45977218',","    68,","    50,","    1025,"
"    'Guest suite',","   '46117276',","    44,","    71,","    941,"
"    'Guest suite',","   '46124626',","    27,","    70,","    560,"
"    'Guest suite',","   '46159489',","    66,","    40,","    800,"
"    'Guest suite',","   '46201182',","    73,","    54,","    1188,"
"    'Guest suite',","   '46288690',","    59,","    52,","    926,"
"    'Guest suite',","   '46758549',","    0,","    92,","    0,"
"    'Guest suite',","   '47178543',","    90,","    52,","    1404,"
"    'Guest suite',","   '47581151',","    56,","    47,","    787,"
"    'Guest suite',","   '47859827',","    49,","    73,","    1077,"
"    'Guest suite',","   '47884089',","    49,","    64,","    960,"
"    'Guest suite',","   '47977446',","    72,","    45,","    990,"
"    'Guest suite',","   '47979255',","    92,","    40,","    1093,"
"    'Guest suite',","   '47979980',","    48,","    60,","    870,"
"    'Guest suite',","   '47980119',","    38,","    77,","    873,"
"    'Guest suite',","   '48061229',","    98,","    59,","    1770,"
"    'Guest suite',","   '48069899',","    100,","    47,","    1434,"
"    'Guesthouse',","   '10344329',","    8,","    79,","    182,"
"    'Guesthouse',","   '11175827',","    65,","    106,","    2120,"
"    'Guesthouse',","   '13077801',","    86,","    63,","    1643,"
"    'Guesthouse',","   '15741909',","    99,","    111,","    3374,"
"    'Guesthouse',","   '16199781',","    64,","    159,","    3132,"
"    'Guesthouse',","   '16389351',","    59,","    74,","    1332,"
"    'Guesthouse',","   '16390774',","    63,","    90,","    1733,"
"    'Guesthouse',","   '16610040',","    66,","    110,","    2211,"
"    'Guesthouse',","   '17571556',","    53,","    90,","    1463,"
"    'Guesthouse',","   '22865693',","    41,","    87,","    1079,"
"    'Guesthouse',","   '22903739',","    73,","    48,","    1068,"
"    'Guesthouse',","   '23356353',","    99,","    49,","    1470,"
"    'Guesthouse',","   '23410293',","    37,","    60,","    670,"
"    'Guesthouse',","   '24042678',","    33,","    121,","    1210,"
"    'Guesthouse',","   '25830277',","    46,","    70,","    980,"
"    'Guesthouse',","   '26513828',","    67,","    66,","    1348,"
"    'Guesthouse',","   '27547576',","    39,","    50,","    596,"
"    'Guesthouse',","   '27571499',","    66,","    72,","    1454,"
"    'Guesthouse',","   '28074421',","    68,","    118,","    2466,"
"    'Guesthouse',","   '28103815',","    23,","    107,","    739,"
"    'Guesthouse',","   '28468233',","    96,","    95,","    2784,"
"    'Guesthouse',","   '30157076',","    64,","    55,","    1077,"
"    'Guesthouse',","   '30746120',","    53,","    66,","    1062,"
"    'Guesthouse',","   '3124844',","    70,","    35,","    750,"
"    'Guesthouse',","   '3125241',","    92,","    37,","    1030,"
"    'Guesthouse',","   '31741235',","    47,","    99,","    1411,"
"    'Guesthouse',","   '3199098',","    12,","    132,","    502,"
"    'Guesthouse',","   '32241870',","    64,","    59,","    1146,"
"    'Guesthouse',","   '32367531',","    14,","    92,","    383,"
"    'Guesthouse',","   '32897301',","    90,","    57,","    1558,"
"    'Guesthouse',","   '33736538',","    21,","    80,","    504,"
"    'Guesthouse',","   '34340931',","    53,","    75,","    1189,"
"    'Guesthouse',","   '35123558',","    37,","    54,","    605,"
"    'Guesthouse',","   '36276974',","    28,","    69,","    590,"
"    'Guesthouse',","   '37160145',","    54,","    73,","    1205,"
"    'Guesthouse',","   '38254200',","    57,","    34,","    587,"
"    'Guesthouse',","   '38692088',","    35,","    60,","    633,"
"    'Guesthouse',","   '40325740',","    32,","    94,","    912,"
"    'Guesthouse',","   '40501387',","    85,","    76,","    1968,"
"    'Guesthouse',","   '40735075',","    57,","    41,","    712,"
"    'Guesthouse',","   '41195885',","    42,","    135,","    1742,"
"    'Guesthouse',","   '41433672',","    64,","    66,","    1282,"
"    'Guesthouse',","   '41857487',","    49,","    57,","    855,"
"    'Guesthouse',","   '41915693',","    41,","    93,","    1153,"
"    'Guesthouse',","   '42744484',","    60,","    42,","    769,"
"    'Guesthouse',","   '43078321',","    42,","    59,","    762,"
"    'Guesthouse',","   '44036701',","    23,","    111,","    777,"
"    'Guesthouse',","   '44318068',","    36,","    102,","    1097,"
"    'Guesthouse',","   '44353821',","    59,","    62,","    1116,"
"    'Guesthouse',","   '44517878',","    24,","    57,","    420,"
"    'Guesthouse',","   '44532125',","    92,","    42,","    1171,"
"    'Guesthouse',","   '44819920',","    88,","    64,","    1696,"
"    'Guesthouse',","   '45266386',","    38,","    65,","    754,"
"    'Guesthouse',","   '46506855',","    30,","    53,","    477,"
"    'Guesthouse',","   '47771225',","    89,","    50,","    1317,"
"    'Guesthouse',","   '47866642',","    74,","    73,","    1624,"
"    'Guesthouse',","   '47869936',","    59,","    127,","    2286,"
"    'Guesthouse',","   '47926170',","    84,","    91,","    2275,"
"    'Guesthouse',","   '48017523',","    89,","    51,","    1377,"
"    'Guesthouse',","   '48055517',","    52,","    119,","    1904,"
"    'Guesthouse',","   '48107089',","    61,","    43,","    774,"
"    'Guesthouse',","   '48135632',","    49,","    47,","    689,"
"    'Guesthouse',","   '5301596',","    76,","    70,","    1610,"
"    'Guesthouse',","   '5315329',","    96,","    85,","    2493,"
"    'Guesthouse',","   '5958714',","    42,","    114,","    1459,"
"    'Guesthouse',","   '8428475',","    90,","    90,","    2475,"
"    'House',","   '10658304',","    75,","    323,","    7348,"
"    'House',","   '11968687',","    57,","    203,","    3502,"
"    'House',","   '12451664',","    78,","    69,","    1627,"
"    'House',","   '15980429',","    7,","    902,","    2050,"
"    'House',","   '16417554',","    8,","    908,","    2194,"
"    'House',","   '16512484',","    81,","    96,","    2368,"
"    'House',","   '16546669',","    30,","    672,","    6104,"
"    'House',","   '16587793',","    28,","    314,","    2721,"
"    'House',","   '16841482',","    53,","    132,","    2152,"
"    'House',","   '17843379',","    42,","    243,","    3135,"
"    'House',","   '18298028',","    30,","    177,","    1593,"
"    'House',","   '18683768',","    37,","    72,","    806,"
"    'House',","   '18801722',","    14,","    183,","    763,"
"    'House',","   '19272376',","    62,","    122,","    2298,"
"    'House',","   '19522153',","    28,","    145,","    1257,"
"    'House',","   '19759220',","    77,","    146,","    3407,"
"    'House',","   '19768561',","    18,","    121,","    671,"
"    'House',","   '19827943',","    100,","    70,","    2129,"
"    'House',","   '20224413',","    68,","    113,","    2342,"
"    'House',","   '20333225',","    76,","    576,","    13248,"
"    'House',","   '20969880',","    50,","    103,","    1562,"
"    'House',","   '21065717',","    30,","    175,","    1628,"
"    'House',","   '21141410',","    47,","    149,","    2131,"
"    'House',","   '21432304',","    54,","    154,","    2526,"
"    'House',","   '2160959',","    41,","    154,","    1899,"
"    'House',","   '21665595',","    100,","    128,","    3917,"
"    'House',","   '21999122',","    79,","    291,","    7033,"
"    'House',","   '22200538',","    43,","    202,","    2626,"
"    'House',","   '22289640',","    76,","    171,","    3933,"
"    'House',","   '22360766',","    35,","    66,","    693,"
"    'House',","   '22373809',","    54,","    136,","    2244,"
"    'House',","   '22386571',","    81,","    130,","    3218,"
"    'House',","   '22633114',","    65,","    83,","    1653,"
"    'House',","   '22798006',","    19,","    303,","    1757,"
"    'House',","   '23308274',","    42,","    97,","    1245,"
"    'House',","   '23401631',","    10,","    202,","    606,"
"    'House',","   '23487918',","    69,","    468,","    9867,"
"    'House',","   '23539412',","    34,","    139,","    1425,"
"    'House',","   '23766184',","    53,","    289,","    4624,"
"    'House',","   '23981124',","    72,","    101,","    2222,"
"    'House',","   '24182030',","    80,","    593,","    14430,"
"    'House',","   '24277566',","    78,","    117,","    2789,"
"    'House',","   '24430684',","    61,","    132,","    2442,"
"    'House',","   '24599458',","    78,","    100,","    2360,"
"    'House',","   '24620490',","    65,","    180,","    3585,"
"    'House',","   '25234824',","    33,","    212,","    2067,"
"    'House',","   '25862398',","    88,","    108,","    2898,"
"    'House',","   '26446034',","    11,","    196,","    632,"
"    'House',","   '26532850',","    83,","    89,","    2247,"
"    'House',","   '27058377',","    85,","    67,","    1736,"
"    'House',","   '28054910',","    79,","    121,","    2914,"
"    'House',","   '28074619',","    60,","    225,","    4140,"
"    'House',","   '28136853',","    58,","    112,","    1969,"
"    'House',","   '28313670',","    64,","    517,","    10038,"
"    'House',","   '28602445',","    16,","    667,","    3335,"
"    'House',","   '28608744',","    99,","    468,","    14079,"
"    'House',","   '28662148',","    63,","    113,","    2166,"
"    'House',","   '29012471',","    91,","    67,","    1849,"
"    'House',","   '29051893',","    50,","    374,","    5672,"
"    'House',","   '29310897',","    39,","    91,","    1092,"
"    'House',","   '29417297',","    72,","    150,","    3263,"
"    'House',","   '29753112',","    36,","    224,","    2427,"
"    'House',","   '29831252',","    80,","    289,","    7008,"
"    'House',","   '29852948',","    54,","    200,","    3267,"
"    'House',","   '30058010',","    10,","    120,","    370,"
"    'House',","   '30226397',","    67,","    98,","    1985,"
"    'House',","   '30503524',","    63,","    150,","    2875,"
"    'House',","   '30592120',","    72,","    105,","    2301,"
"    'House',","   '31037803',","    52,","    204,","    3213,"
"    'House',","   '31175901',","    47,","    48,","    680,"
"    'House',","   '31211654',","    2,","    154,","    77,"
"    'House',","   '31243508',","    43,","    83,","    1079,"
"    'House',","   '31426019',","    28,","    192,","    1651,"
"    'House',","   '31488879',","    37,","    168,","    1915,"
"    'House',","   '31538681',","    67,","    163,","    3342,"
"    'House',","   '31718176',","    80,","    71,","    1728,"
"    'House',","   '31985377',","    18,","    99,","    535,"
"    'House',","   '32086017',","    58,","    762,","    13399,"
"    'House',","   '32252085',","    66,","    198,","    3993,"
"    'House',","   '32285486',","    70,","    110,","    2328,"
"    'House',","   '32397804',","    88,","    139,","    3730,"
"    'House',","   '32722596',","    25,","    65,","    485,"
"    'House',","   '32768326',","    94,","    679,","    19465,"
"    'House',","   '33165412',","    70,","    171,","    3662,"
"    'House',","   '33416899',","    80,","    134,","    3250,"
"    'House',","   '33421450',","    28,","    908,","    7642,"
"    'House',","   '33426743',","    12,","    308,","    1129,"
"    'House',","   '33429456',","    55,","    92,","    1549,"
"    'House',","   '33495031',","    64,","    361,","    6979,"
"    'House',","   '33591125',","    65,","    67,","    1329,"
"    'House',","   '34077243',","    61,","    569,","    10574,"
"    'House',","   '34180555',","    74,","    67,","    1511,"
"    'House',","   '34259258',","    49,","    387,","    5773,"
"    'House',","   '34305820',","    14,","    452,","    1959,"
"    'House',","   '34816883',","    38,","    541,","    6222,"
"    'House',","   '35043711',","    88,","    118,","    3068,"
"    'House',","   '35089485',","    0,","    287,","    0,"
"    'House',","   '35197089',","    72,","    117,","    2574,"
"    'House',","   '35224388',","    68,","    89,","    1851,"
"    'House',","   '35346964',","    78,","    160,","    3787,"
"    'House',","   '36077494',","    49,","    90,","    1359,"
"    'House',","   '36142706',","    38,","    300,","    3475,"
"    'House',","   '36207163',","    29,","    91,","    810,"
"    'House',","   '36387480',","    76,","    168,","    3906,"
"    'House',","   '36597947',","    34,","    55,","    564,"
"    'House',","   '36907654',","    43,","    201,","    2630,"
"    'House',","   '36930072',","    42,","    129,","    1645,"
"    'House',","   '37012070',","    22,","    152,","    1018,"
"    'House',","   '37179297',","    22,","    104,","    711,"
"    'House',","   '37184022',","    47,","    977,","    13841,"
"    'House',","   '37457914',","    77,","    237,","    5550,"
"    'House',","   '37482833',","    88,","    95,","    2549,"
"    'House',","   '37622667',","    61,","    1135,","    21187,"
"    'House',","   '37687608',","    6,","    206,","    350,"
"    'House',","   '37688130',","    0,","    146,","    0,"
"    'House',","   '37834609',","    52,","    121,","    1916,"
"    'House',","   '38182417',","    75,","    97,","    2199,"
"    'House',","   '38437256',","    64,","    68,","    1332,"
"    'House',","   '38717864',","    32,","    122,","    1179,"
"    'House',","   '38754052',","    61,","    561,","    10425,"
"    'House',","   '38931457',","    55,","    122,","    2044,"
"    'House',","   '39111312',","    21,","    395,","    2469,"
"    'House',","   '39131683',","    36,","    123,","    1353,"
"    'House',","   '39166772',","    80,","    107,","    2613,"
"    'House',","   '39272941',","    91,","    83,","    2303,"
"    'House',","   '39361850',","    84,","    112,","    2856,"
"    'House',","   '39388795',","    58,","    170,","    3018,"
"    'House',","   '39417534',","    51,","    582,","    8973,"
"    'House',","   '39873191',","    19,","    165,","    960,"
"    'House',","   '39979589',","    64,","    182,","    3519,"
"    'House',","   '40070170',","    61,","    315,","    5880,"
"    'House',","   '40175390',","    76,","    126,","    2919,"
"    'House',","   '40230190',","    41,","    77,","    969,"
"    'House',","   '40231265',","    89,","    247,","    6710,"
"    'House',","   '40240473',","    76,","    213,","    4935,"
"    'House',","   '40341890',","    69,","    126,","    2636,"
"    'House',","   '40345222',","    43,","    122,","    1575,"
"    'House',","   '40468458',","    53,","    168,","    2632,"
"    'House',","   '40840549',","    86,","    141,","    3678,"
"    'House',","   '40857515',","    21,","    300,","    1950,"
"    'House',","   '40968973',","    54,","    108,","    1773,"
"    'House',","   '41196967',","    67,","    237,","    4839,"
"    'House',","   '41284925',","    44,","    148,","    1998,"
"    'House',","   '41430394',","    39,","    387,","    4580,"
"    'House',","   '41586169',","    28,","    152,","    1292,"
"    'House',","   '41593613',","    67,","    164,","    3362,"
"    'House',","   '41793041',","    25,","    96,","    744,"
"    'House',","   '41964171',","    70,","    124,","    2635,"
"    'House',","   '42154041',","    46,","    156,","    2184,"
"    'House',","   '42333723',","    49,","    558,","    8370,"
"    'House',","   '42359157',","    66,","    58,","    1170,"
"    'House',","   '42383994',","    30,","    299,","    2691,"
"    'House',","   '42461485',","    92,","    591,","    16450,"
"    'House',","   '42504978',","    44,","    102,","    1352,"
"    'House',","   '42762148',","    59,","    97,","    1746,"
"    'House',","   '42858908',","    24,","    145,","    1075,"
"    'House',","   '42916227',","    39,","    133,","    1569,"
"    'House',","   '42953938',","    10,","    57,","    171,"
"    'House',","   '42965044',","    63,","    176,","    3359,"
"    'House',","   '42979894',","    55,","    96,","    1592,"
"    'House',","   '43000099',","    67,","    71,","    1452,"
"    'House',","   '43303444',","    61,","    71,","    1310,"
"    'House',","   '43382705',","    82,","    457,","    11349,"
"    'House',","   '43422868',","    48,","    102,","    1496,"
"    'House',","   '43517176',","    11,","    117,","    404,"
"    'House',","   '43554084',","    49,","    232,","    3438,"
"    'House',","   '43567598',","    32,","    305,","    2995,"
"    'House',","   '43650183',","    48,","    51,","    727,"
"    'House',","   '43702344',","    85,","    233,","    5942,"
"    'House',","   '4370321',","    91,","    92,","    2548,"
"    'House',","   '43806487',","    65,","    124,","    2439,"
"    'House',","   '43842736',","    74,","    189,","    4227,"
"    'House',","   '43937771',","    10,","    315,","    945,"
"    'House',","   '43956866',","    33,","    209,","    2069,"
"    'House',","   '43975158',","    28,","    179,","    1522,"
"    'House',","   '44035343',","    38,","    228,","    2622,"
"    'House',","   '44036160',","    62,","    103,","    1906,"
"    'House',","   '44096068',","    22,","    205,","    1333,"
"    'House',","   '44195606',","    75,","    189,","    4253,"
"    'House',","   '44236366',","    81,","    148,","    3552,"
"    'House',","   '44248642',","    39,","    318,","    3816,"
"    'House',","   '44401203',","    70,","    250,","    5286,"
"    'House',","   '44507964',","    78,","    63,","    1494,"
"    'House',","   '445250',","    0,","    260,","    0,"
"    'House',","   '44552036',","    47,","    90,","    1290,"
"    'House',","   '44552903',","    30,","    89,","    811,"
"    'House',","   '44575635',","    61,","    103,","    1898,"
"    'House',","   '44589253',","    15,","    145,","    628,"
"    'House',","   '44597509',","    67,","    112,","    2290,"
"    'House',","   '44754030',","    70,","    91,","    1934,"
"    'House',","   '44968238',","    13,","    152,","    570,"
"    'House',","   '4503415',","    48,","    150,","    2175,"
"    'House',","   '450696',","    100,","    70,","    2123,"
"    'House',","   '45117200',","    28,","    319,","    2672,"
"    'House',","   '45221371',","    85,","    67,","    1709,"
"    'House',","   '45251834',","    58,","    312,","    5499,"
"    'House',","   '45292226',","    36,","    423,","    4600,"
"    'House',","   '45317106',","    65,","    167,","    3268,"
"    'House',","   '45347403',","    61,","    134,","    2466,"
"    'House',","   '45435629',","    51,","    246,","    3813,"
"    'House',","   '45479201',","    34,","    72,","    732,"
"    'House',","   '45490750',","    61,","    201,","    3668,"
"    'House',","   '45582228',","    47,","    178,","    2492,"
"    'House',","   '45629733',","    61,","    163,","    3004,"
"    'House',","   '45692004',","    37,","    300,","    3360,"
"    'House',","   '45696897',","    75,","    153,","    3443,"
"    'House',","   '45712257',","    18,","    439,","    2415,"
"    'House',","   '45713689',","    62,","    140,","    2640,"
"    'House',","   '45861626',","    18,","    191,","    1003,"
"    'House',","   '45867025',","    61,","    521,","    9586,"
"    'House',","   '45922773',","    81,","    236,","    5664,"
"    'House',","   '46005749',","    67,","    286,","    5843,"
"    'House',","   '46028517',","    57,","    122,","    2115,"
"    'House',","   '46066369',","    50,","    174,","    2610,"
"    'House',","   '46137292',","    43,","    274,","    3494,"
"    'House',","   '46214581',","    23,","    193,","    1312,"
"    'House',","   '46214833',","    69,","    124,","    2579,"
"    'House',","   '46469941',","    25,","    468,","    3557,"
"    'House',","   '46471907',","    79,","    230,","    5482,"
"    'House',","   '46513654',","    38,","    78,","    897,"
"    'House',","   '46545434',","    80,","    128,","    3072,"
"    'House',","   '46546482',","    49,","    560,","    8288,"
"    'House',","   '46575952',","    52,","    203,","    3214,"
"    'House',","   '46625105',","    82,","    99,","    2455,"
"    'House',","   '46768302',","    42,","    236,","    3021,"
"    'House',","   '46855018',","    23,","    543,","    3665,"
"    'House',","   '46879603',","    82,","    235,","    5875,"
"    'House',","   '47054333',","    52,","    109,","    1700,"
"    'House',","   '47152514',","    65,","    178,","    3471,"
"    'House',","   '47200938',","    48,","    208,","    2964,"
"    'House',","   '47208353',","    80,","    200,","    4800,"
"    'House',","   '47341530',","    82,","    113,","    2750,"
"    'House',","   '47432400',","    54,","    121,","    1936,"
"    'House',","   '47432836',","    93,","    97,","    2716,"
"    'House',","   '47528200',","    57,","    132,","    2244,"
"    'House',","   '47529158',","    82,","    95,","    2328,"
"    'House',","   '47536573',","    62,","    132,","    2508,"
"    'House',","   '47559351',","    79,","    114,","    2708,"
"    'House',","   '47705487',","    58,","    130,","    2253,"
"    'House',","   '47744944',","    69,","    165,","    3424,"
"    'House',","   '47748970',","    45,","    124,","    1653,"
"    'House',","   '47753119',","    60,","    125,","    2250,"
"    'House',","   '47770430',","    42,","    256,","    3200,"
"    'House',","   '47771564',","    26,","    182,","    1411,"
"    'House',","   '47771971',","    77,","    145,","    3408,"
"    'House',","   '47785054',","    73,","    383,","    8298,"
"    'House',","   '47787104',","    43,","    271,","    3455,"
"    'House',","   '47797627',","    67,","    301,","    6020,"
"    'House',","   '47848022',","    80,","    68,","    1632,"
"    'House',","   '47873231',","    68,","    165,","    3383,"
"    'House',","   '47891856',","    74,","    213,","    4686,"
"    'House',","   '47917513',","    56,","    836,","    13933,"
"    'House',","   '47941264',","    98,","    130,","    3770,"
"    'House',","   '47977749',","    63,","    368,","    6869,"
"    'House',","   '47980622',","    49,","    50,","    750,"
"    'House',","   '48013874',","    92,","    68,","    1859,"
"    'House',","   '48017800',","    96,","    55,","    1558,"
"    'House',","   '48030708',","    72,","    108,","    2304,"
"    'House',","   '48041797',","    96,","    76,","    2153,"
"    'House',","   '48065430',","    83,","    135,","    3375,"
"    'House',","   '48080017',","    38,","    182,","    2093,"
"    'House',","   '48137259',","    51,","    267,","    4005,"
"    'House',","   '48213906',","    97,","    121,","    3509,"
"    'House',","   '48271231',","    69,","    147,","    3087,"
"    'House',","   '48303004',","    77,","    93,","    2186,"
"    'House',","   '48315197',","    66,","    61,","    1220,"
"    'House',","   '48691144',","    61,","    105,","    1943,"
"    'House',","   '4947899',","    73,","    57,","    1268,"
"    'House',","   '5051331',","    94,","    118,","    3363,"
"    'House',","   '6915778',","    52,","    259,","    4097,"
"    'House',","   '7661567',","    65,","    138,","    2726,"
"    'House',","   '8701803',","    47,","    120,","    1724,"
"    'Loft',","   '16585718',","    47,","    148,","    2112,"
"    'Loft',","   '1717217',","    77,","    150,","    3500,"
"    'Loft',","   '21282018',","    63,","    117,","    2243,"
"    'Loft',","   '34062097',","    63,","    56,","    1073,"
"    'Loft',","   '38328923',","    85,","    74,","    1924,"
"    'Loft',","   '40087816',","    24,","    65,","    466,"
"    'Loft',","   '40292053',","    65,","    90,","    1793,"
"    'Loft',","   '43479160',","    58,","    56,","    988,"
"    'Loft',","   '45724608',","    8,","    238,","    536,"
"    'Loft',","   '45724620',","    28,","    275,","    2338,"
"    'Loft',","   '45893007',","    27,","    274,","    2192,"
"    'Loft',","   '48719499',","    90,","    150,","    4050,"
"    'Loft',","   '734739',","    42,","    347,","    4395,"
"    'Other',","   '15408778',","    0,","    85,","    0,"
"    'Serviced apartment',","   '34038663',","    63,","    77,","    1482,"
"    'Serviced apartment',","   '34091950',","    82,","    76,","    1915,"
"    'Serviced apartment',","   '36630477',","    90,","    86,","    2351,"
"    'Serviced apartment',","   '38852029',","    14,","    89,","    386,"
"    'Serviced apartment',","   '40463689',","    88,","    88,","    2354,"
"    'Serviced apartment',","   '45491933',","    42,","    78,","    985,"
"    'Tiny house',","   '13565387',","    34,","    86,","    898,"
"    'Tiny house',","   '25979817',","    28,","    69,","    598,"
"    'Tiny house',","   '32018033',","    34,","    76,","    788,"
"    'Tiny house',","   '44433585',","    13,","    80,","    320,"
"    'Tiny house',","   '45189301',","    79,","    60,","    1430,"
"    'Tiny house',","   '6164736',","    68,","    68,","    1400,"
"    'Tiny house',","   '8615068',","    59,","    111,","    1998,"
"    'Townhouse',","   '17317648',","    90,","    117,","    3180,"
"    'Townhouse',","   '21814606',","    40,","    241,","    2916,"
"    'Townhouse',","   '21976593',","    82,","    102,","    2570,"
"    'Townhouse',","   '23286042',","    61,","    371,","    6826,"
"    'Townhouse',","   '23670197',","    53,","    173,","    2768,"
"    'Townhouse',","   '24730085',","    9,","    319,","    893,"
"    'Townhouse',","   '25109410',","    40,","    76,","    920,"
"    'Townhouse',","   '25457895',","    76,","    208,","    4836,"
"    'Townhouse',","   '26030951',","    59,","    179,","    3189,"
"    'Townhouse',","   '28008803',","    60,","    249,","    4582,"
"    'Townhouse',","   '30083444',","    2,","    121,","    61,"
"    'Townhouse',","   '30180704',","    20,","    81,","    493,"
"    'Townhouse',","   '30502989',","    46,","    243,","    3402,"
"    'Townhouse',","   '30814394',","    22,","    70,","    462,"
"    'Townhouse',","   '32670623',","    13,","    320,","    1248,"
"    'Townhouse',","   '35873765',","    48,","    340,","    4930,"
"    'Townhouse',","   '37320760',","    94,","    132,","    3773,"
"    'Townhouse',","   '39075846',","    49,","    130,","    1939,"
"    'Townhouse',","   '41369107',","    15,","    127,","    572,"
"    'Townhouse',","   '41594358',","    30,","    172,","    1562,"
"    'Townhouse',","   '41736616',","    9,","    1108,","    2955,"
"    'Townhouse',","   '43433316',","    56,","    195,","    3299,"
"    'Townhouse',","   '45994696',","    2,","    313,","    157,"
"    'Townhouse',","   '47350344',","    68,","    272,","    5576,"
"    'Villa',","   '15512851',","    11,","    1814,","    6047,"
"    'Villa',","   '27551381',","    67,","    215,","    4354,"
"    'Villa',","   '31490181',","    64,","    213,","    4154,"
"    'Villa',","   '40006108',","    36,","    167,","    1820,"
"    'Villa',","   '40006493',","    18,","    73,","    394,"
"    'Villa',","   '40006837',","    46,","    77,","    1072,"
"    'Villa',","   '40006958',","    23,","    76,","    540,"
"    'Villa',","   '43148625',","    41,","    1118,","    13975,"
"    'Villa',","   '43676838',","    71,","    75,","    1625,"
"    'Villa',","   '44341318',","    70,","    111,","    2387,"
"    'Villa',","   '47788136',","    90,","    350,","    9625,"
"'House',","'10193097',","35,","160,","1696,"
